dressing,11086,2021-09-10,  dressing assisted   ,8/19/1988, RAN
dressing,12268,2017-11-14, dressing    ,4/13/1988, RAN
dressing,18541,2017-09-12,      dressing    ,1/19/1980, GP
dressing,18541,2017-11-23, wound dressing and daa    ,1/19/1980, RAN
dressing,18541,2019-07-22, daa and pop dressing    ,1/19/1980, RAN
dressing,18541,2019-10-15, osteomyelitis l leg     gp consult     dressing change    ,1/19/1980, GP
dressing,18541,2022-05-03,  personal administration  diabetes mellitus   dressing assisted   ,1/19/1980, GP
dressing,19243,2019-08-13, dressing and medical certificate    ,2/6/1993, RAN
dressing,19243,2022-01-31,  dressing assisted   ,2/6/1993, AHW
dressing,19357,2019-05-27, review wound and dressing    ,7/14/1997, RAN
dressing,19446,2019-10-01, dressing to finger    ,5/2/1995, RAN
dressing,19446,2019-10-17, dressing change     discharge letter from kununurra hospital    ,5/2/1995, RAN
dressing,19446,2019-10-23, dressing change    ,5/2/1995, RAN
dressing,19446,2019-10-29, dressing change    ,5/2/1995, RAN
dressing,19504,2020-09-21, dressing assisted    ,8/22/1995, RAN
dressing,19547,2018-03-15, dressing    ,10/12/1988, RAN
dressing,19568,2018-05-15,      for review by gp and wound dressing    ,8/16/1989, GP
dressing,19568,2018-06-28, wound review and dressing    ,8/16/1989, RAN
dressing,19568,2020-01-09, dressing change    ,8/16/1989, RAN
dressing,19568,2020-02-10, dressing change (foot)     wound dehiscence   vomiting ,8/16/1989, RAN
dressing,19568,2022-01-20,  dressing assisted   ,8/16/1989, RAN
dressing,19604,2017-01-28," for adm of meds, review and dressing    ",4/1/1999, RAN
dressing,19675,2019-03-25, for review adn dressing of post burn - left forearm.    ,4/26/1966, RAN
dressing,19675,2019-09-06, dressing change    ,4/26/1966, RAN
dressing,19675,2021-07-12,  dressing assisted   ,4/26/1966, RAN
dressing,19675,2021-07-19,  dressing assisted   ,4/26/1966, RAN
dressing,19692,2019-10-09, dressing change    ,2/1/1970, RAN
dressing,19738,2020-12-02,  dressing dependent   ,9/7/1982, RAN
dressing,19770,2017-02-10, wound dresisng    ,9/15/1995, RAN
dressing,19770,2017-05-08, dressing    ,9/15/1995, AHW
dressing,19903,2017-11-17, wound dressing and daa    ,6/20/1967, RAN
dressing,19903,2018-02-26, for review and dressing to left small finger    ,6/20/1967, RAN
dressing,19977,2017-01-27, wound dressing    ,6/1/1984, RAN
dressing,19977,2017-02-02, wound dressing and webster pack    ,6/1/1984, RAN
dressing,19977,2017-02-13, atsi health check and wound dressing    ,6/1/1984, RAN
dressing,19977,2017-02-22, adm of iv ab's and wound dressing (right big toe)    ,6/1/1984, RAN
dressing,20051,2018-12-04,      for review of boils and dressing.    ,9/8/2002, GP
dressing,20102,2018-10-05, review and dressing    ,8/25/1989, RAN
dressing,20102,2019-07-24, dressing    ,8/25/1989, RAN
dressing,20102,2019-07-29, dressing of the left finger    ,8/25/1989, RAN
dressing,20180,2018-01-25, wound dressing and daa    ,2/10/1972, RAN
dressing,20202,2019-12-11, dressing change    ,3/7/1997, RAN
dressing,20202,2019-12-16, dressing change    ,3/7/1997, RAN
dressing,20203,2017-06-16, aom - acute otitis media and dressing    ,6/25/2000, RAN
dressing,20223,2017-11-13, webster pack and wound dressing    ,4/10/1969, RAN
dressing,20223,2017-11-17, pathology and wound dressing    ,4/10/1969, RAN
dressing,20265,2017-01-25, wound dressing    ,8/1/1972, RAN
dressing,20265,2018-03-01," for review and dressing of wound, bp check and daa    ",8/1/1972, RAN
dressing,20265,2018-04-26, daily wound dressing (post boil) and for review    ,8/1/1972, RAN
dressing,20265,2018-05-04, for review  and wound dressing    ,8/1/1972, RAN
dressing,20265,2018-05-15,      dressing and obs    ,8/1/1972, GP
dressing,20265,2018-11-26, dressing of wound    ,8/1/1972, RAN
dressing,20265,2019-04-02,      medication and review of wound and dresisng.    ,8/1/1972, GP
dressing,20265,2019-04-10,"      review wound and dressing, daa and sterile water for cpap    ",8/1/1972," Infection, Prevention and Control Coordinator"
dressing,20293,2019-07-10, review wound and dressing and cough    ,8/19/1977, RAN
dressing,20303,2018-03-08, for review and dressing of wound from boil    ,12/16/1998, RAN
dressing,20303,2018-09-14, review and wound dressing    ,12/16/1998, RAN
dressing,20398,2017-01-29, adm of iv medication     for review of infected wound and change of dressings    ,5/25/1981, RAN
dressing,20398,2017-11-09, dressing    ,5/25/1981, RAN
dressing,20404,2019-09-25, review wound and dressing    ,8/24/1983, RAN
dressing,20515,2019-12-24, wound   t2dm (type 2 diabetes mellitus) uncontrolled  dressing change    ,4/4/1974, GP
dressing,20515,2019-12-31, dressing change    ,4/4/1974, RAN
dressing,20822,2017-11-13, wound dressing    ,8/18/1966, RAN
dressing,20822,2017-11-23, wound dressing and daa    ,8/18/1966, RAN
dressing,20822,2018-05-15,      daa and dressing    ,8/18/1966, GP
dressing,20906,2018-07-23,      wound dressing    ,3/26/1973, RAN
dressing,20906,2022-04-14,   dressing assisted  ,3/26/1973, AHW
dressing,21087,2019-10-25, dressing change    ,8/12/1999, RAN
dressing,21133,2017-06-30, change of dressing - av fistula    ,3/25/1978, RAN
dressing,21200,2017-07-20, review and dressing of wound (from boil)    ,7/10/2000, RAN
dressing,21328,2020-02-03, dressing change   upper respiratory infection ,11/12/1976, RAN
dressing,21328,2020-02-10, dressing change    ,11/12/1976, RAN
dressing,21884,2018-08-29, review wound and dressing    ,6/15/2006, RAN
dressing,48815,2017-04-24, imi meds and dressing of wound    ,4/3/2008, RAN
dressing,49882,2017-06-09, dressing request.    ,5/26/1965, RAN
dressing,49882,2017-06-14, dressing + checkup    ,5/26/1965, RAN
dressing,49882,2017-06-29,      dressing    ,5/26/1965, RAN
dressing,188111,2019-04-08, for iron treatment and wound dressing    ,4/21/2007, RAN
dressing,205487,2018-08-29, review boils and dressing         ,7/1/1958, RAN
dressing,205504,2017-07-17, review and wound dressing    ,8/30/1984, RAN
dressing,205593,2017-02-24, wound dressing    ,8/24/1968, RAN
dressing,205593,2017-03-03, dressings    ,8/24/1968, RAN
dressing,205605,2019-12-16, dressing change    ,8/31/2001, RAN
dressing,205638,2020-05-25, dressing assisted    ,10/16/2009, RAN
dressing,205972,2017-04-22, for review of boil and dressing    ,9/14/1957, RAN
dressing,205972,2018-05-03," atsi adult health check ,wound dressing and influenza vaccination    ",9/14/1957, RAN
dressing,205972,2018-05-07, for review and wound dressing    ,9/14/1957, RAN
dressing,205972,2018-05-18, review of wound and dressing    ,9/14/1957, RAN
dressing,205972,2018-05-29,      wound review and dressing    ,9/14/1957, GP
dressing,205972,2018-07-12, for review of av fistula and dressing    ,9/14/1957, RAN
dressing,206035,2017-06-28,      diabetes mellitus type 2     review of wound and dressing         ,9/17/1978, Dietician
dressing,206035,2021-10-08,  dressing assisted   ,9/17/1978, Visiting Physician
dressing,211569,2018-02-28, wound dressing    ,6/1/2010, RAN
dressing,243169,2019-11-18, dog bite dressing and ecg changes    ,7/17/1952, RAN
dressing,255260,2017-01-05, dressings for boil    ,7/1/1952, AHW
dressing,255260,2021-06-01,  dressing assisted   ,7/1/1952, GP
dressing,255892,2019-01-31, for review of wound and dressing    ,12/13/1959, RAN
dressing,255892,2019-05-21,      daa and dressing to left foot and abdomen    ,12/13/1959, GP
dressing,256665,2017-06-20,      dressing of wound    ,4/5/1977, GP
dressing,284247,2017-02-01, wound dressing    ,8/28/1996, RAN
dressing,284247,2017-02-14," atsi health check, lab adm and wound dressing    ",8/28/1996, RAN
dressing,365633,2019-12-10, wound dressing adverse reaction    ,1/30/1995, RAN
dressing,469059,2018-05-24, wound review and dressing     wound reviwe and dressing    ,8/11/2013, RAN
dressing,469059,2018-05-28, wound review and dressing         ,8/11/2013, RAN
dressing,525928,2017-01-18, change of dressing    ,4/5/2014, RAN
dressing,564832,2018-01-30,"      review child health, dressings + lab    ",10/4/2014, GP
dressing,598845,2017-01-10,      wound dressing    ,2/8/2015, GP
dressing,598845,2018-04-27, wound dressing and iron treatment    ,2/8/2015, RAN
dressing,598845,2020-01-22, dressing assisted    ,2/8/2015, RAN
dressing,735996,2018-09-21, review and wound dressing    ,2/3/2014, RAN
dressing,738268,2017-06-28, review of wound and dressing    ,4/26/2016, RAN
dressing,738268,2017-07-13, wound review and dressing    ,4/26/2016, RAN
dressing,738268,2021-07-14,  dressing assisted   ,4/26/2016, RAN
dressing,797092,2019-08-08, dressing and pathology    ,12/22/1962, RAN
dressing,797137,2018-08-27," review of head injury, burns and dressing and    ",1/13/2017, RAN
dressing,865013,2018-10-04," medication, bp elevated and wound dressing    ",1/13/1993, RAN
dressing,930170,2022-01-10,  medication given  dressing left shin wound medications ,2/20/2018, RAN
dressing,932943,2019-01-31,      dressing change    ,3/8/2018, RAN
dressing,932943,2019-10-23, dressing change    ,3/8/2018, RAN
dressing,1048622,2019-10-15, dressing change/wound care surveillance    ,4/24/2009, RAN
dressing,1073615,2019-05-27, for review and dressing of skin graft    ,11/17/2018, RAN
dressing,1120813,2019-06-12, review wound and dressing    ,3/6/1987, RAN
dressing,1157933,2021-07-14,  dressing assisted   ,7/15/2019, RAN
dressing,1185117,2019-11-18, wound dressing    ,4/24/1990, RAN
dressing,1442097,2018-05-25, review wound and dressing post hospital discharge and pain    ,1/12/1985, RAN
laceration,11084,2021-02-22,  personal administration  deep laceration of finger ,8/31/1966, RAN
laceration,11086,2021-03-09,  laceration  laceration ,8/19/1988, RAN
laceration,17169,2021-07-08,  laceration of finger  laceration of finger ,1/19/1967, RAN
laceration,18555,2017-06-15, finger laceration    ,11/30/1981, RAN
laceration,19153,2023-03-25,  laceration of right middle finger   ,10/11/1990, RAN
laceration,19456,2021-07-04,  laceration   ,4/28/1977, RAN
laceration,19456,2022-09-21,  laceration  laceration ,4/28/1977, RAN
laceration,19491,2022-07-08,  laceration   ,10/18/1990, RAN
laceration,19568,2018-01-17, atsi adult health check and laceration (dv)    ,8/16/1989, RAN
laceration,19568,2021-02-07,  laceration of leg   ,8/16/1989, RAN
laceration,19770,2021-11-25,       laceration of right upper arm   ,9/15/1995, RAN
laceration,19977,2021-03-22,  laceration of left middle finger   ,6/1/1984, RAN
laceration,20180,2018-01-21, laceration to right thigh - self harm    ,2/10/1972, RAN
laceration,20180,2023-03-17,  laceration of arm   ,2/10/1972, RAN
laceration,20180,2023-03-28,  diabetes mellitus ihd - ischaemic heart disease    laceration of forearm   ,2/10/1972, GP
laceration,20202,2019-09-06, laceration l foot    ,3/7/1997, RAN
laceration,20202,2019-11-29, lacerated 4th & 5th fingers right hand    ,3/7/1997, RAN
laceration,20202,2020-06-25, laceration of calf   laceration of calf ,3/7/1997, RAN
laceration,20223,2020-11-03,  finger pain     pathology specimen submitted  laceration wound ,4/10/1969, Locum GP
laceration,20275,2022-11-03,  laceration   ,5/6/1991, RAN
laceration,20304,2020-06-29, laceration of foot with foreign body   superficial laceration of foot ,6/26/2001, RAN
laceration,20398,2021-10-25,  laceration  adult health assessment and gp management plan ,5/25/1981, RAN
laceration,20683,2020-08-30, laceration    ,2/1/2005, RAN
laceration,20906,2021-01-04,  laceration  laceration ,3/26/1973, RAN
laceration,20958,2020-01-15, laceration    ,11/23/1986, RAN
laceration,21148,2022-05-20,  laceration - injury   ,5/21/1983, AHW
laceration,21148,2022-05-25,  laceration   ,5/21/1983, AHW
laceration,21345,2020-02-14, laceration to scalp    ,9/8/1966, RAN
laceration,21356,2023-01-07,  laceration of finger   ,5/1/1989, RAN
laceration,21356,2023-01-15,  laceration of arm   ,5/1/1989, RAN
laceration,21374,2020-02-13, laceration    ,1/30/2000, RAN
laceration,21883,2020-09-08, laceration    ,6/24/2005, RAN
laceration,22414,2021-09-17,  laceration  laceration ,11/9/2006, RAN
laceration,23169,2019-10-16, laceration of heel    ,8/22/2007, RAN
laceration,23176,2020-06-22, laceration of skin of hand   laceration of skin of hand ,8/24/2007, RAN
laceration,44909,2020-09-22, laceration    ,8/11/1988, RAN
laceration,205504,2017-06-03," laceration head, bite neck, laceration face    ",8/30/1984, RAN
laceration,205638,2020-01-16, laceration   laceration ,10/16/2009, RAN
laceration,240629,2022-03-08,  wound  laceration of elbow ,10/7/2010, Health Centre Coordinator
laceration,242449,2022-03-13,  laceration of right wrist   ,10/15/1998, RAN
laceration,255952,2020-11-02,  laceration of left lower leg   ,6/22/1992, RAN
laceration,256665,2017-06-16, small laceration to left top of lips     fighting    ,4/5/1977, RAN
laceration,264771,2021-06-10,  laceration  laceration ,3/21/2011, RAN
laceration,365633,2021-01-07,  domestic violence  laceration ,1/30/1995, RAN
laceration,525424,2020-04-14, laceration     wound   head injury ,4/14/2014, GP
laceration,564832,2020-02-21, laceration   laceration of head without foreign body ,10/4/2014, RAN
laceration,586474,2020-12-10,  laceration   ,5/15/2014, RAN
laceration,590016,2020-02-14, laceration of right eyebrow    ,1/25/2015, RAN
laceration,590016,2021-06-18,  injury laceration  ,1/25/2015, RAN
laceration,735996,2017-06-02, laceration     fall off chair    ,2/3/2014, RAN
laceration,737755,2020-03-24, lacerated lip ? tooth injury   sore skin      ,12/6/2015, GP
laceration,738268,2021-06-11,       laceration  laceration ,4/26/2016, GP
laceration,774511,2019-09-27, laceration of heel    ,9/23/2016, RAN
laceration,814962,2021-12-20,  laceration of foot   ,12/5/2016, RAN
laceration,830440,2021-01-29,  laceration   ,3/1/2017, RAN
laceration,930170,2020-03-26, minor laceration under l/foot   otitis media ,2/20/2018, RAN
laceration,930170,2021-05-12,  laceration   ,2/20/2018, RAN
laceration,1048622,2019-10-14, laceration of hand    ,4/24/2009, RAN
laceration,1157933,2021-06-29,  laceration        ,7/15/2019, Locum GP
laceration,1185117,2019-11-12, laceration hand     injury to right hand    ,4/24/1990, GP
laceration,1187073,2020-04-20, anaemia     laceration of skin    ,2/26/2019, RAN
laceration,1298622,2023-03-07,  laceration   ,6/9/1957, RAN
laceration,1541940,2021-08-11,  laceration   ,5/31/2018, RAN
cut,19065,2019-08-05, small cut to left palm    ,7/30/1992, RAN
cut,23169,2017-07-27, cut on hand.    ,8/22/2007, RAN
cut,590016,2023-01-09,  cut of finger   ,1/25/2015, RAN
cut,712774,2017-08-19, small cut - scalp    ,1/27/2016, RAN
cut,830440,2021-06-03,  superficial cut  superficial cut ,3/1/2017, RAN
cut,1159526,2021-06-02,  superficial cut  upper respiratory infection ,8/1/2019, RAN
cut,1320464,2023-02-27,  cut of foot   ,12/8/2020, RAN
wound,11084,2021-07-19,  wound   ,8/31/1966, RAN
wound,11086,2020-02-17, wound   wound of skin (disorder) ,8/19/1988, RAN
wound,11086,2020-02-24, wound dirty   wound dirty ,8/19/1988, RAN
wound,11086,2020-03-03, wound dirty   wound dirty ,8/19/1988, RAN
wound,16551,2021-03-16,       wound  wound infected ,5/18/2004, GP
wound,17169,2020-08-20,    wound  sore throat symptom    ,1/19/1967, GP Registrar
wound,17169,2020-11-09,  wound   ,1/19/1967, RAN
wound,18541,2017-09-14, for review and wound dressing    ,1/19/1980, RAN
wound,18541,2017-11-23, wound dressing and daa    ,1/19/1980, RAN
wound,18541,2019-10-17, wound care and review    ,1/19/1980, RAN
wound,18541,2022-03-15,  medication requested h/o: amenorrhoea diabetes mellitus   wound   ,1/19/1980, GP
wound,18555,2022-11-15,       wound   ,11/30/1981, Nursing Student
wound,18555,2022-11-26,  wound   ,11/30/1981, Health Centre Coordinator
wound,18555,2022-12-01,  wound   ,11/30/1981, Health Centre Coordinator
wound,18635,2021-11-12,  deep wound  wound ,12/16/1977, GP
wound,18808,2023-01-05,  wound   ,7/25/1990, RAN
wound,18808,2023-01-18,  wound   ,7/25/1990, RAN
wound,18922,2020-02-11, shoulder joint pain   rotator cuff arthropathy of right shoulder  pain radiating to right shoulder   infected surgical wound ,2/24/1973, GP
wound,19159,2020-06-26, wound   wound discharge ,7/26/1983, RAN
wound,19243,2021-12-30,  dog bite     wound infected pain  ,2/6/1993, GP
wound,19243,2022-01-04,  ulcer     vaccination advised     wound   ,2/6/1993, GP
wound,19243,2022-01-10,  wound healthy adult  ,2/6/1993, RAN
wound,19243,2022-01-18,  wound medication given  ,2/6/1993, RAN
wound,19243,2022-01-24,  wound   ,2/6/1993, RAN
wound,19243,2023-03-09,  wound cellulitis   ,2/6/1993, RAN
wound,19248,2022-11-16,  wound   ,11/11/1993, RAN
wound,19357,2019-05-24, wound review    ,7/14/1997, RAN
wound,19357,2019-06-06, for review of wound to left forearm    ,7/14/1997, RAN
wound,19412,2023-02-03,  wound   ,9/2/1994, Midwife / RAN
wound,19412,2023-02-07,  wound   ,9/2/1994, RAN
wound,19446,2019-03-06, review wound and pain    ,5/2/1995, RAN
wound,19446,2019-03-25, wound review    ,5/2/1995, RAN
wound,19446,2019-09-19, wound assessment post op    ,5/2/1995, RAN
wound,19446,2019-09-23, review surgical wounds    ,5/2/1995, RAN
wound,19446,2019-10-24,      review post op/wound review    ,5/2/1995, GP
wound,19446,2020-03-09, sore on skin   sore on skin  wound   diarrhea and vomiting ,5/2/1995, RAN
wound,19446,2020-12-30,  wound   ,5/2/1995, RAN
wound,19446,2021-01-06,  wound   ,5/2/1995, RAN
wound,19446,2021-07-26,  wound   ,5/2/1995, RAN
wound,19491,2022-07-15,  wound finding   ,10/18/1990, RAN
wound,19568,2018-05-15,      for review by gp and wound dressing    ,8/16/1989, GP
wound,19568,2018-06-25, review wound    ,8/16/1989, RAN
wound,19568,2020-01-11, wound   wound ,8/16/1989, RAN
wound,19568,2020-01-21, wound infection   o/e - wound healing  wound care   sexually transmissible disease ,8/16/1989, GP
wound,19568,2020-02-04, wound dehiscence    ,8/16/1989, RAN
wound,19568,2020-02-19, wound    ,8/16/1989, Child Health Nurse / RAN
wound,19568,2021-02-19,  wound discharge   ,8/16/1989, RAN
wound,19568,2021-04-08,"  sensation of blocked ear  open wound, finger   vaccination given   ",8/16/1989, RAN
wound,19568,2022-08-17,  wound  eye finding ,8/16/1989, RAN
wound,19568,2022-09-07,       wound dirty   ,8/16/1989, GP
wound,19568,2022-09-14,  puncture wound of foot   ,8/16/1989, GP
wound,19568,2022-12-28,  wrist injury     wound   ,8/16/1989, RAN
wound,19568,2023-03-01,  wound   ,8/16/1989, RAN
wound,19604,2017-02-02, wound care    ,4/1/1999, RAN
wound,19630,2020-07-01, wound healed   wound healed ,2/16/1984, RAN
wound,19630,2020-12-10,  wound infected   ,2/16/1984," Infection, Prevention and Control Coordinator"
wound,19630,2021-06-08,       wound infected fever impetigo   wound  wound ,2/16/1984, GP
wound,19630,2021-08-05,  wound finding   ,2/16/1984, Midwife / RAN
wound,19675,2019-03-28, wound dressing    ,4/26/1966, RAN
wound,19675,2021-05-18,  wound discharge sebaceous cyst scabies ,4/26/1966, GP
wound,19675,2021-07-05,  wound   ,4/26/1966, RAN
wound,19675,2022-10-25,  wound dehiscence     t2dm - diabetes mellitus type 2     under care of podiatrist     t2dm - diabetes mellitus type 2  lrti - lower respiratory tract infection      ,4/26/1966, GP
wound,19675,2022-10-31,  dehiscence of operation wound   ,4/26/1966, RAN
wound,19675,2022-11-10,  dehiscence of operation wound   ,4/26/1966, RAN
wound,19675,2022-11-15,  dehiscence of operation wound   ,4/26/1966, RAN
wound,19675,2022-11-21,  dehiscence of operation wound   ,4/26/1966, RAN
wound,19675,2022-11-28,  wound   ,4/26/1966, RAN
wound,19675,2022-12-05,  toothache wound  ,4/26/1966, RAN
wound,19675,2022-12-12,  skin sores     personal administration     wound - in medical care sore throat symptom  ,4/26/1966, GP
wound,19675,2022-12-19,  bite of spider     wound dehiscence   ,4/26/1966, RAN
wound,19675,2023-01-03,  wound   ,4/26/1966, RAN
wound,19680,2022-06-21,  wound   ,3/26/1991, RAN
wound,19705,2021-11-22,  wound  pregnancy ,6/9/2005, RAN
wound,19738,2020-12-22,  wound   ,9/7/1982, RAN
wound,19770,2017-02-10, wound dresisng    ,9/15/1995, RAN
wound,19770,2020-08-19, wound dirty   wound dirty ,9/15/1995, RAN
wound,19886,2020-09-14,      wound   rheumatic heart disease priority 2 ,3/20/1970, RAN
wound,19903,2017-11-17, wound dressing and daa    ,6/20/1967, RAN
wound,19949,2022-12-18,  open wound of foot   ,2/19/2002, RAN
wound,19977,2017-01-24, infected wound - left big toe and  skin sores - right leg    ,6/1/1984, RAN
wound,19977,2017-02-02, wound dressing and webster pack    ,6/1/1984, RAN
wound,19977,2017-02-13, atsi health check and wound dressing    ,6/1/1984, RAN
wound,19977,2017-02-20, infected wound - left big toe    ,6/1/1984, RAN
wound,19977,2021-03-04,  wound   ,6/1/1984, RAN
wound,19977,2021-03-23,  laceration     wound  pcos- polycystic ovary syndrome ,6/1/1984, Locum GP
wound,19977,2022-10-25,  wound   ,6/1/1984, RAN
wound,19977,2022-12-16,  wound - in medical care   ,6/1/1984, RAN
wound,20018,2020-11-29,  wound   ,, RAN
wound,20018,2021-04-13,  mental health disorder  depression   wound   ,, GP
wound,20040,2023-04-12,  wound     personal administration   ,12/12/1999, RAN
wound,20051,2021-05-19,  wound dirty  left knee abrasion ,9/8/2002, RAN
wound,20102,2020-05-14,    infected wound ,8/25/1989," Infection, Prevention and Control Coordinator"
wound,20180,2018-01-25, wound dressing and daa    ,2/10/1972, RAN
wound,20180,2020-11-09,  wound dirty   ,2/10/1972, RAN
wound,20180,2020-11-25,   wound infected  ,2/10/1972," Infection, Prevention and Control Coordinator"
wound,20180,2023-03-23,  wound   ,2/10/1972, RAN
wound,20202,2019-09-11, wound review    ,3/7/1997, RAN
wound,20202,2020-12-14,  wound   ,3/7/1997, RAN
wound,20202,2020-12-29,  wound   ,3/7/1997, RAN
wound,20202,2021-05-20,  wound dirty   ,3/7/1997, RAN
wound,20202,2021-05-25,  wound dirty   ,3/7/1997, RAN
wound,20202,2021-06-08,       wound infected  wound infected ,3/7/1997, GP
wound,20202,2021-06-30,  wound   ,3/7/1997, RAN
wound,20202,2022-05-25,  vaccination given     wound   ,3/7/1997, RAN
wound,20202,2023-01-15,  stab wound   ,3/7/1997, RAN
wound,20202,2023-01-23,  stab wound   ,3/7/1997, RAN
wound,20203,2017-06-13,      infected wound to left leg    ,6/25/2000, GP
wound,20223,2017-11-13, webster pack and wound dressing    ,4/10/1969, RAN
wound,20223,2017-11-17, pathology and wound dressing    ,4/10/1969, RAN
wound,20223,2020-11-03,  finger pain     pathology specimen submitted  laceration wound ,4/10/1969, Locum GP
wound,20223,2021-11-18,  wound wound  ,4/10/1969, RAN
wound,20223,2021-12-17,  chronic pain     open wound of foot   ,4/10/1969, GP
wound,20265,2017-01-25, wound dressing    ,8/1/1972, RAN
wound,20265,2018-03-01," for review and dressing of wound, bp check and daa    ",8/1/1972, RAN
wound,20265,2018-04-26, daily wound dressing (post boil) and for review    ,8/1/1972, RAN
wound,20265,2018-05-03, infected wound -right foot    ,8/1/1972, RAN
wound,20265,2018-05-17, wound dressing         ,8/1/1972, RAN
wound,20265,2018-11-26, dressing of wound    ,8/1/1972, RAN
wound,20265,2019-04-02,      medication and review of wound and dresisng.    ,8/1/1972, GP
wound,20265,2019-04-09,"      review wound, medication  and boil    ",8/1/1972, GP
wound,20265,2020-06-10, eye pain   wound ,8/1/1972, RAN
wound,20265,2021-04-30,  wound   ,8/1/1972, RAN
wound,20265,2022-02-25,  wound  personal administration ,8/1/1972, Midwife / RAN
wound,20265,2022-06-03,  human bite - wound   ,8/1/1972, RAN
wound,20293,2019-07-10, review wound and dressing and cough    ,8/19/1977, RAN
wound,20303,2018-03-08, for review and dressing of wound from boil    ,12/16/1998, RAN
wound,20303,2018-09-14, review and wound dressing    ,12/16/1998, RAN
wound,20304,2020-06-30, wound   wound ,6/26/2001, RAN
wound,20304,2020-07-15, wound    ,6/26/2001, RAN
wound,20304,2022-10-20,  pathology specimen submitted wound  ,6/26/2001, RAN
wound,20320,2022-10-10,  personal administration     medication given     wound   ,4/28/1992, RAN
wound,20392,2020-12-02,  wound   ,4/5/1999, RAN
wound,20398,2017-01-28, infected wound    ,5/25/1981, RAN
wound,20398,2020-01-31, wound    ,5/25/1981, RAN
wound,20404,2019-09-23, 1. wound infection 2. snoring 3. d&a 4. mental health     pain - left lower limb     home visit/rehab admission    ,8/24/1983, GP Registrar
wound,20404,2020-02-27, wound    ,8/24/1983, RAN
wound,20404,2020-03-10, wound    ,8/24/1983, RAN
wound,20404,2021-01-04,  medication given wound    wound dirty   ,8/24/1983, RAN
wound,20404,2021-03-31,       personal administration     wound   ,8/24/1983, Locum GP
wound,20404,2021-04-16,  wound dehiscence   ,8/24/1983, RAN
wound,20404,2021-06-01,  well child     blister  wound ,8/24/1983, GP
wound,20404,2021-11-25,  wound finding   ,8/24/1983, RAN
wound,20404,2022-11-15,  wound   ,8/24/1983, RAN
wound,20515,2019-12-24, wound   t2dm (type 2 diabetes mellitus) uncontrolled  dressing change    ,4/4/1974, GP
wound,20515,2020-05-20, medication given   wound ,4/4/1974, RAN
wound,20515,2020-10-06,  diabetes  wound ,4/4/1974, GP
wound,20515,2021-02-15,  wound   ,4/4/1974, RAN
wound,20515,2021-02-23,  wound infected   ,4/4/1974," Infection, Prevention and Control Coordinator"
wound,20515,2021-12-31,  wound   ,4/4/1974, RAN
wound,20515,2022-01-04,  medication given wound  ,4/4/1974, RAN
wound,20515,2022-01-14,  wound   ,4/4/1974, RAN
wound,20515,2022-01-19,  wound   ,4/4/1974, RAN
wound,20515,2022-04-26,  dentalgia wound healing well boil of axilla      ,4/4/1974, GP
wound,20771,2020-09-11, open wound of foot    ,11/19/2004, RAN
wound,20771,2021-06-14,  nausea and vomiting wound dirty  ,11/19/2004, RAN
wound,20797,2021-11-15,  wound  ganglion cyst ,3/13/1992, RAN
wound,20797,2022-05-26,  wound   ,3/13/1992, RAN
wound,20822,2017-11-13, wound dressing    ,8/18/1966, RAN
wound,20822,2017-11-23, wound dressing and daa    ,8/18/1966, RAN
wound,20906,2017-04-04,      persisting wound right foot         ,3/26/1973, GP
wound,20906,2018-07-23,      wound dressing    ,3/26/1973, RAN
wound,20906,2020-01-14, left shoulder pain     wound   wound ,3/26/1973, RAN
wound,20906,2021-05-25,  wound  insomnia   medication requested     medication given   ,3/26/1973, GP
wound,20913,2020-10-19,  wound dirty  hd review dr johan rosman ,6/24/1985, RAN
wound,20958,2017-07-22, review of wound    ,11/23/1986, RAN
wound,20958,2017-07-26, wound review    ,11/23/1986, RAN
wound,20958,2021-08-11,  covid-19 vaccination - (astra-zeneca)     wound   ,11/23/1986, RAN
wound,20958,2021-10-12,  wound   ,11/23/1986, RAN
wound,20958,2022-10-04,  arm injury     arm injury     wound discharge   ,11/23/1986, GP
wound,21087,2019-10-28, review foot wound    ,8/12/1999, RAN
wound,21087,2022-12-06,  wound  wound ,8/12/1999, RAN
wound,21133,2017-07-07, bloods + wound review     bsl and insulin    ,3/25/1978, RAN
wound,21155,2021-11-18,  wound   ,11/4/1964, RAN
wound,21200,2017-07-20, review and dressing of wound (from boil)    ,7/10/2000, RAN
wound,21200,2023-03-07,  wound - in medical care     health education given     medication given   ,7/10/2000, GP
wound,21210,2017-04-24," immunisation, child health check and wound to right foot     commenced child health check    ",6/4/2001, RAN
wound,21250,2018-01-04, spider bite wound    ,5/14/1991, RAN
wound,21271,2022-10-31,  wound   ,7/14/1991, AHW
wound,21276,2022-01-20,  impetigo wound dirty  ,5/2/1986, RAN
wound,21284,2022-07-28,  wound finding pathology specimen submitted  ,, RAN
wound,21311,2020-06-03, wound infected    ,3/17/1987," Infection, Prevention and Control Coordinator"
wound,21328,2020-01-16, wound care   wound care ,11/12/1976, RAN
wound,21328,2020-01-21, wound infection   wound infection     upper respiratory infection ,11/12/1976, GP
wound,21328,2020-01-28, wound review     under care of general practitioner    ,11/12/1976, GP
wound,21328,2021-12-22,  bite - wound   ,11/12/1976, RAN
wound,21328,2021-12-30,  bite - wound   ,11/12/1976, RAN
wound,21345,2021-09-22,  medication given wound  ,9/8/1966, RAN
wound,21345,2021-10-04,  surgical wound finding   ,9/8/1966, RAN
wound,21345,2022-05-16,  wound  wound ,9/8/1966, RAN
wound,21883,2019-09-12, wound red    ,6/24/2005, RAN
wound,21884,2017-11-09, post burned wound    ,6/15/2006, RAN
wound,21884,2018-08-29, review wound and dressing    ,6/15/2006, RAN
wound,21884,2021-01-04,  wound dirty   ,6/15/2006, RAN
wound,21884,2021-01-08,  wound dirty   ,6/15/2006, RAN
wound,22414,2021-09-20,  wound - in medical care   ,11/9/2006, RAN
wound,23176,2019-09-23, wound    ,8/24/2007, RAN
wound,23176,2020-06-15, vomiting   wound infected ,8/24/2007, RAN
wound,23176,2021-12-21,  wound breakdown   ,8/24/2007, RAN
wound,48815,2017-04-24, imi meds and dressing of wound    ,4/3/2008, RAN
wound,49135,2018-04-24, for iron treatment and small wound to left 2nd toe    ,7/26/2008, RAN
wound,49135,2020-09-16,    wound ,7/26/2008, Visiting Paediatrician
wound,49135,2021-09-14,  wound infected     wound infection   ,7/26/2008, GP
wound,49882,2017-08-24, for review of wound and aboriginal health check     trachoma screening    ,5/26/1965, RAN
wound,51281,2021-08-31,  wound of skin  infected wound   infected wound   ,4/22/1990, GP
wound,52839,2020-06-09, wound infection   wound infection ,12/26/1982, GP
wound,54711,2021-06-28,  wound   ,9/26/1998, RAN
wound,56467,2022-08-15,  wound  wound ,7/17/2003, RAN
wound,188111,2019-02-01, infected wound and elevated bp    ,4/21/2007, RAN
wound,188111,2019-03-14, iron treatment and infected wounds         ,4/21/2007, RAN
wound,188111,2019-04-08, for iron treatment and wound dressing    ,4/21/2007, RAN
wound,205487,2020-09-11, wound    ,7/1/1958, RAN
wound,205487,2020-11-05,  wound dirty   ,7/1/1958, RAN
wound,205504,2017-07-15, infected wound    ,8/30/1984, RAN
wound,205593,2017-02-24, wound dressing    ,8/24/1968, RAN
wound,205605,2021-06-25,  wound wound  ,8/31/2001, RAN
wound,205730,2023-01-06,  stab wound   ,5/24/1982, GP
wound,205972,2018-05-03," atsi adult health check ,wound dressing and influenza vaccination    ",9/14/1957, RAN
wound,205972,2018-05-07, for review and wound dressing    ,9/14/1957, RAN
wound,205972,2018-05-18, review of wound and dressing    ,9/14/1957, RAN
wound,205972,2018-05-29,      wound review and dressing    ,9/14/1957, GP
wound,205972,2018-07-13, wound dressing    ,9/14/1957, RAN
wound,206022,2022-09-01,  wound   ,2/4/1987, RAN
wound,206035,2017-06-28,      diabetes mellitus type 2     review of wound and dressing         ,9/17/1978, Dietician
wound,206035,2020-07-27, wound dirty    ,9/17/1978, RAN
wound,206035,2020-08-03, wound dirty    ,9/17/1978, RAN
wound,206035,2020-10-14,  wound   ,9/17/1978, RAN
wound,206035,2021-01-19,  infected surgical wound     wound  infected wound ,9/17/1978, GP
wound,206035,2021-01-27,  wound infected   ,9/17/1978," Infection, Prevention and Control Coordinator"
wound,211444,2021-06-21,  wound dirty     medication given medication given  ,6/2/2010, RAN
wound,211444,2021-07-09,  wound healed   ,6/2/2010, RAN
wound,211444,2021-11-10,  wound     overweight   ,6/2/2010, Midwife / RAN
wound,211444,2021-11-17,  wound covid-19 vaccination - comirnaty (pfizer)  ,6/2/2010, School Health Nurse
wound,211569,2018-02-28, wound dressing    ,6/1/2010, RAN
wound,240629,2021-04-22,  open wound of knee  acute otitis media ,10/7/2010, RAN
wound,240629,2021-04-29,  wound   ,10/7/2010, RAN
wound,240629,2022-03-08,  wound  laceration of elbow ,10/7/2010, Health Centre Coordinator
wound,240876,2022-07-13,  wound   ,4/20/2007, RAN
wound,242449,2018-02-26, small wound to right small toe and atsi health check    ,10/15/1998, RAN
wound,242449,2022-03-17,  wound   ,10/15/1998, Health Centre Coordinator
wound,242449,2023-01-06,  wound dirty   ,10/15/1998, RAN
wound,255260,2020-08-26, weakness   wound infected  shaking    ,7/1/1952, Locum GP
wound,255892,2019-01-31, for review of wound and dressing    ,12/13/1959, RAN
wound,255952,2020-11-11,   wound infected  ,6/22/1992," Infection, Prevention and Control Coordinator"
wound,256665,2017-06-20,      dressing of wound    ,4/5/1977, GP
wound,256665,2017-07-04, presents for hepb vaccine + wound review    ,4/5/1977, RAN
wound,264771,2023-01-17,  wound        ,3/21/2011, GP
wound,268652,2021-02-16,  iron deficiency anaemia chest infection    infected wound medication given  ,7/1/1942, GP
wound,268652,2022-03-30,  wound   ,7/1/1942, RAN
wound,284247,2017-02-01, wound dressing    ,8/28/1996, RAN
wound,284247,2017-02-14," atsi health check, lab adm and wound dressing    ",8/28/1996, RAN
wound,299678,2017-07-17, small wound    ,3/22/2012, RAN
wound,306967,2022-12-12,  closed head wound   ,4/27/2012, GP
wound,348887,2017-03-15, infected wound r) foot    ,9/10/2012, RAN
wound,365633,2018-03-21, wound to right knee and ? vaccination re- hep b booster courses    ,1/30/1995, RAN
wound,365633,2019-12-09, wound review   breast cancer ,1/30/1995, RAN
wound,365633,2021-01-04,  wound infected  mastoiditis ,1/30/1995, RAN
wound,365633,2022-01-10,  open wound of knee   ,1/30/1995, RAN
wound,413293,2020-03-21, head injury   wound ,3/11/2013, RAN
wound,413293,2021-11-22,  wound   ,3/11/2013, RAN
wound,413293,2022-10-19,  wound   ,3/11/2013, RAN
wound,454424,2022-09-28,  wound dirty   ,8/12/2013, RAN
wound,454424,2023-02-08,  metabolic finding     wound   ,8/12/2013, Visiting Paediatrician
wound,469059,2018-05-22, for review of aom - right ear and wound to right big toe    ,8/11/2013, RAN
wound,469059,2018-05-28, wound review and dressing         ,8/11/2013, RAN
wound,469059,2019-07-09, small wound at the right foot    ,8/11/2013, RAN
wound,485211,2020-03-09, wound    ,8/5/2010, RAN
wound,488644,2021-12-29,  vaccination given wound breakdown covid-19 vaccination - comirnaty (pfizer) ,9/15/2008, RAN
wound,498069,2020-02-26, wound dirty   wound dirty ,1/6/2014, RAN
wound,498069,2020-09-17, wound    ,1/6/2014, RAN
wound,525424,2019-06-07, for review re- wound    ,4/14/2014, RAN
wound,525424,2020-04-14, laceration     wound   head injury ,4/14/2014, GP
wound,525424,2020-04-22, wound    ,4/14/2014, RAN
wound,525424,2021-03-30,  wound dehiscence  anaemia ,4/14/2014, Locum GP
wound,525424,2022-02-15,  wound   ,4/14/2014, RAN
wound,525424,2023-02-03,  wound   ,4/14/2014, Midwife / RAN
wound,525928,2019-10-04, wound    ,4/5/2014, RAN
wound,525928,2020-06-29, medication given   wound ,4/5/2014, RAN
wound,558355,2022-02-25,  wound  personal administration ,9/19/2014, RAN
wound,564832,2017-03-03, small wound due to injury    ,10/4/2014, RAN
wound,564832,2017-03-07,      skin sores and infected wound.    ,10/4/2014, GP
wound,564832,2017-04-13, wound to right knee    ,10/4/2014, RAN
wound,564832,2017-04-20, wound to right knee    ,10/4/2014, RAN
wound,564832,2020-01-15, wound    ,10/4/2014, RAN
wound,564832,2020-02-24, wound    ,10/4/2014, RAN
wound,564832,2020-06-23, wound healed   wound healed ,10/4/2014, RAN
wound,564832,2020-09-19, wound    ,10/4/2014, RAN
wound,564832,2020-09-30,  wound   ,10/4/2014, RAN
wound,586474,2020-12-14,  wound   ,5/15/2014, RAN
wound,589875,2023-02-08,  wound   ,1/26/2015, Midwife / RAN
wound,590016,2018-04-26, foot wound review    ,1/25/2015, RAN
wound,590016,2021-04-14,  open wound of foot   ,1/25/2015, RAN
wound,590016,2021-04-19,  open wound of foot cough  ,1/25/2015, RAN
wound,590016,2022-03-20,  wound   ,1/25/2015, RAN
wound,590016,2023-02-24,  medication given     wound  cellulitis of foot ,1/25/2015, RAN
wound,598845,2017-01-10,      wound dressing    ,2/8/2015, GP
wound,598845,2018-04-26, infected wound and cough and colds    ,2/8/2015, RAN
wound,598845,2020-09-24,  wound finding   ,2/8/2015, RAN
wound,598845,2021-01-27,  wound infected   ,2/8/2015," Infection, Prevention and Control Coordinator"
wound,598845,2021-07-27,  wound   ,2/8/2015, RAN
wound,697374,2020-09-19, wound    ,9/1/2015, RAN
wound,711928,2021-07-19,  infected wound   ,12/13/2015, RAN
wound,711928,2021-12-23,  wound   ,12/13/2015, RAN
wound,711928,2022-01-04,  wound   ,12/13/2015, RAN
wound,711928,2023-03-07,  wound - in medical care   ,12/13/2015, RAN
wound,735996,2018-09-21, review and wound dressing    ,2/3/2014, RAN
wound,735996,2022-10-19,  wound   ,2/3/2014, RAN
wound,735996,2022-10-24,  wound   ,2/3/2014, RAN
wound,735996,2022-10-31,  wound   ,2/3/2014, RAN
wound,735996,2022-11-08,  wound  fetal alcohol syndrome ,2/3/2014, RAN
wound,738268,2017-06-28, review of wound and dressing    ,4/26/2016, RAN
wound,738268,2017-07-04,      wound dressing    ,4/26/2016, GP
wound,738268,2017-07-18, wound review    ,4/26/2016, RAN
wound,738268,2018-06-25, infected wound and csom    ,4/26/2016, RAN
wound,738268,2021-07-19,  wound   ,4/26/2016, RAN
wound,738268,2021-07-25,  wound   ,4/26/2016, RAN
wound,738268,2021-08-03,  wound     wound  sinus arrhythmia ,4/26/2016, GP
wound,738268,2021-08-07,  wound   ,4/26/2016, RAN
wound,738268,2021-08-17,  wound finding  dyslipidaemia ,4/26/2016, RAN
wound,738268,2021-08-21,  wound   ,4/26/2016, Midwife / RAN
wound,738268,2022-03-22,  wound   ,4/26/2016, RAN
wound,738268,2023-01-17,  wound     wound   ,4/26/2016, GP
wound,751817,2020-02-18, pain   toe sprain  under care of gp   wound pain ,6/18/2016, GP
wound,751817,2020-07-04, boil     wound abscess    ,6/18/2016, RAN
wound,751817,2020-07-08,    wound infected ,6/18/2016," Infection, Prevention and Control Coordinator"
wound,797137,2019-03-29, wound to left knee    ,1/13/2017, RAN
wound,830440,2021-05-18,  wound dirty     medication given   ,3/1/2017, RAN
wound,835142,2020-12-09,  wound infected   ,8/9/2016," Infection, Prevention and Control Coordinator"
wound,865013,2018-10-04," medication, bp elevated and wound dressing    ",1/13/1993, RAN
wound,865013,2019-09-10, wound finding     reveiw finger/weight    ,1/13/1993, GP
wound,865027,2021-08-17,  wound upper respiratory infection  ,10/7/2017, GP
wound,930170,2020-02-27, wound   medication given ,2/20/2018, RAN
wound,930170,2020-03-03, wound   upper respiratory infection ,2/20/2018, RAN
wound,930170,2021-09-01,  wound   ,2/20/2018, Child Health Nurse / RAN
wound,930170,2021-11-22,  wound  pregnancy ,2/20/2018, RAN
wound,930170,2022-01-10,  medication given  dressing left shin wound medications ,2/20/2018, RAN
wound,930170,2022-01-31,"  open wound foot, dorsum  skin infection ",2/20/2018, RAN
wound,930170,2022-06-07,  wound   ,2/20/2018, RAN
wound,932943,2019-02-01, review wound and dressing    ,3/8/2018, RAN
wound,932943,2020-09-21, wound    ,3/8/2018, RAN
wound,950483,2019-01-29, wound ooze    ,12/4/1961, KAMS Medical Director
wound,950483,2019-02-17, post op wound pain    ,12/4/1961, RAN
wound,1025924,2020-11-12,  wound dirty  otitis externa ,4/14/1977, RAN
wound,1025924,2022-09-27,    wound infection ,4/14/1977, GP
wound,1048622,2019-09-10, wound    ,4/24/2009, RAN
wound,1048622,2019-10-15, dressing change/wound care surveillance    ,4/24/2009, RAN
wound,1120813,2019-06-12, review wound and dressing    ,3/6/1987, RAN
wound,1154586,2022-05-11,  wound medication given ankle injury ,11/25/1961, RAN
wound,1157933,2021-05-04,  wound infection   ,7/15/2019, RAN
wound,1157933,2021-06-03,  wound   ,7/15/2019, RAN
wound,1157933,2021-06-12,  wound  wound ,7/15/2019, RAN
wound,1158774,2022-06-13,  vaccination given     wound   ,3/1/2019, RAN
wound,1159526,2019-12-31, hv x 2 to collect for 4/12 imms+ech.  not home   dog bite - wound ,8/1/2019, RAN
wound,1159526,2022-04-26,  puncture wound of ankle   ,8/1/2019, RAN
wound,1159526,2022-05-16,  wound lice infestation  ,8/1/2019, RAN
wound,1185117,2019-11-13, wound review    ,4/24/1990, RAN
wound,1185117,2019-11-18, wound dressing    ,4/24/1990, RAN
wound,1187073,2020-04-22, trachoma   wound ,2/26/2019, RAN
wound,1195217,2021-12-16,  wound   ,12/22/2019, RAN
wound,1195217,2022-08-02,  wound discharge   ,12/22/2019, RAN
wound,1195217,2023-01-30,  wound  multiple boils   vaccination given infection herpes zoster ,12/22/2019, Locum GP
wound,1195217,2023-03-10,  wound   ,12/22/2019, RAN
wound,1198624,2020-02-24, personal administration   wound ,3/17/1997, RAN
wound,1213628,2020-03-23, puncture wound    ,3/18/1953, RAN
wound,1298571,2023-02-15,  wound infected   ,5/1/2016, Health Centre Coordinator
wound,1298622,2022-06-14,  wound dirty   ,6/9/1957, RAN
wound,1301490,2022-01-24,  wound   ,11/17/1974, Midwife / RAN
wound,1320464,2022-06-02,  wound   ,12/8/2020, RAN
wound,1320464,2023-02-25,  open wound   ,12/8/2020, RAN
wound,1442097,2018-05-25, review wound and dressing post hospital discharge and pain    ,1/12/1985, RAN
wound,1460241,2021-05-13,  wound   ,10/25/2002, RAN
wound,1460241,2021-05-20,  wound dirty   ,10/25/2002, RAN
wound,1499207,2021-08-24,  polyarthritis  wound review ,10/12/1958, GP
wound,1517180,2022-01-11,  vaccination given     wound  wound ,6/21/2021, Child Health Nurse / RAN
wound,1517180,2022-08-04,"  undescended testis, bilateral     wound   ",6/21/2021, GP
wound,1517738,2021-07-05,  wound infected   ,, RAN
wound,1544320,2022-10-31,  wound hyperglycaemia  ,5/31/2021, RAN
wound,1723237,2022-01-11,  talipes equinovarus  infected wound   healthy baby   ,12/6/2021, GP
wound,1723237,2022-12-08,  wound   ,12/6/2021, RAN
wound,1773039,2022-09-13,  wound  wound ,10/28/2014, RAN
wound,1969011,2022-05-09,  wound   ,3/31/2022, RAN
bite,19030,2017-07-12, dog bite (minor)    ,2/3/1988, RAN
bite,19243,2020-02-06, fly bite    ,2/6/1993, RAN
bite,19243,2021-12-30,  dog bite     wound infected pain  ,2/6/1993, GP
bite,19568,2017-02-27, bitten inside bottom lip    ,8/16/1989, RAN
bite,19630,2021-01-15,  snake bite   ,2/16/1984, GP
bite,19675,2019-03-20, dog bite         ,4/26/1966, RAN
bite,19675,2021-05-19,  fly bite   ,4/26/1966, RAN
bite,19675,2022-12-19,  bite of spider     wound dehiscence   ,4/26/1966, RAN
bite,19738,2021-01-04,  insect bite   ,9/7/1982, RAN
bite,19771,2021-12-24,  snake bite   ,11/2/2001, RAN
bite,20102,2020-05-18, rash   insect bite ,8/25/1989, RAN
bite,20102,2021-11-22,  insect bite   ,8/25/1989, RAN
bite,20180,2021-11-02,  human bite cellulitis of arm    multiple injuries   ,2/10/1972, Locum GP
bite,20265,2022-06-03,  human bite - wound   ,8/1/1972, RAN
bite,20293,2020-03-21, bite    ,8/19/1977, RAN
bite,20320,2019-01-07, ? snake bite    ,4/28/1992, RAN
bite,20392,2018-01-14, ?snake bite    ,4/5/1999, RAN
bite,20398,2022-10-17,  dog bite   ,5/25/1981, RAN
bite,20404,2020-02-05, fly bite    ,8/24/1983, RAN
bite,20404,2020-06-29, headache   insect bite ,8/24/1983, RAN
bite,20515,2020-02-19, eye disorder   fly bite ,4/4/1974, RAN
bite,20515,2022-02-02,  fly bite     medication given   ,4/4/1974, AHW
bite,20906,2023-01-10,  bite   ,3/26/1973, RAN
bite,21148,2017-06-16, human bite    ,5/21/1983, RAN
bite,21221,2020-01-25, scorpian bite    ,4/16/1999, RAN
bite,21250,2018-01-04, spider bite wound    ,5/14/1991, RAN
bite,21276,2021-08-10,  bite   ,5/2/1986, RAN
bite,21328,2021-12-22,  bite - wound   ,11/12/1976, RAN
bite,21328,2021-12-30,  bite - wound   ,11/12/1976, RAN
bite,21328,2022-02-09,  snake bite   ,11/12/1976, RAN
bite,21374,2017-03-15, ? snake bite    ,1/30/2000, RAN
bite,23278,2020-04-07, hv - not in mulan   snake bite ,4/9/1976, RAN
bite,49135,2020-01-23, dog bite   tongue ulceration ,7/26/2008, RAN
bite,188111,2022-09-27,  bite   ,4/21/2007, GP
bite,205504,2017-06-03," laceration head, bite neck, laceration face    ",8/30/1984, RAN
bite,205559,2019-10-28, ? snake bite    ,1/18/2007, RAN
bite,205638,2020-01-23, dog bite   dog bite ,10/16/2009, RAN
bite,206035,2018-05-18, dog bites    ,9/17/1978, RAN
bite,206035,2022-05-10,  fly bite   ,9/17/1978, RAN
bite,206035,2022-06-09,  fly bite     medication given   ,9/17/1978, RAN
bite,211444,2021-04-11,  dog bite   ,6/2/2010, RAN
bite,240629,2022-02-16,  fly bite   ,10/7/2010, AHW
bite,242449,2019-09-17, snake bite (finding)    ,10/15/1998, RAN
bite,242449,2021-01-02,  snake bite   ,10/15/1998, RAN
bite,243169,2019-11-18, dog bite dressing and ecg changes    ,7/17/1952, RAN
bite,255260,2019-09-11, dog bite    ,7/1/1952, RAN
bite,256665,2017-01-04,      insect bite on face    ,4/5/1977, Nurse / Sexual Health Coordinator
bite,271428,2022-05-12,  fly bite  fly bite ,4/9/1984, RAN
bite,304248,2022-01-18,  fly bite   ,3/12/2012, RAN
bite,332387,2018-11-20, ? snake bite    ,7/19/1993, RAN
bite,365633,2021-09-30,  human bite   ,1/30/1995, RAN
bite,498069,2021-05-14,  fly bite   ,1/6/2014, RAN
bite,586449,2020-01-21,    blackfly bite ,12/31/2014, RAN
bite,590016,2020-01-18, review post fly bite   fly bite ,1/25/2015, RAN
bite,678073,2021-06-03,  bite  animal bite of finger ,3/30/1994, RAN
bite,711928,2022-12-01,  fly bite   ,12/13/2015, RAN
bite,737755,2017-12-30, insect  bites    ,12/6/2015, RAN
bite,738268,2017-01-25, mosquito bites and teething    ,4/26/2016, RAN
bite,932943,2021-06-01,  fly bite head lice  ,3/8/2018, RAN
bite,932943,2022-04-27,  fly bite covid-19 flu vax/bloods ,3/8/2018, RAN
bite,936131,2022-07-29,  dog bite  dog bite ,12/13/2017, RAN
bite,975325,2022-04-07,  fly bite head lice  ,5/28/2018, AHW
bite,1158774,2020-08-24, immunisation overdue   dog bite ,3/1/2019, RAN
bite,1159526,2019-12-31, hv x 2 to collect for 4/12 imms+ech.  not home   dog bite - wound ,8/1/2019, RAN
bite,1305690,2023-01-22,  snake bite  nil abnormal on examination   snake bite   ,12/3/1996, Locum GP
bite,1517180,2021-12-12,  bite   ,6/21/2021, RAN
bite,1710204,2021-11-24,  bite of bug   ,7/10/1972, RAN
bite,1733223,2022-11-28,  fly bite   ,1/1/2022, Health Centre Coordinator
bite,1733223,2022-12-05,  fly bite  fly bite ,1/1/2022, RAN
bite,1925494,2022-04-04,  fly bite  eye swelling ,2/12/2021, AHW
bite,2079080,2022-11-21,  bite   ,7/30/1959, RAN
boil,11086,2021-05-03,  boil   ,8/19/1988, RAN
boil,11086,2021-10-15,  boil   ,8/19/1988, RAN
boil,11086,2023-02-08,  boil of ankle   ,8/19/1988, Locum GP
boil,18549,2017-03-14,      boil r) lower leg    ,8/2/1974, RAN
boil,19030,2017-01-30, skin sores and boil    ,2/3/1988, RAN
boil,19030,2017-02-06, boils and skin sores    ,2/3/1988, RAN
boil,19243,2022-03-08,  boil   ,2/6/1993, RAN
boil,19294,2021-12-10,  boil   ,5/31/1992, RAN
boil,19357,2020-01-14, boil   boil ,7/14/1997, RAN
boil,19446,2019-12-18, boil left leg   type 2 diabetes mellitus ,5/2/1995, RAN
boil,19568,2022-06-03,  dentistry - reason: toothache     boil   ,8/16/1989, Kimberley Dental Team
boil,19568,2022-10-24,  boil of elbow   ,8/16/1989, RAN
boil,19675,2022-03-10,  boil   ,4/26/1966, Health Centre Coordinator
boil,19680,2021-09-17,  boil  boil ,3/26/1991, RAN
boil,19692,2019-06-05, boil    ,2/1/1970, RAN
boil,19692,2019-09-17,      boil of anus    ,2/1/1970, GP
boil,19692,2019-10-08, boil    ,2/1/1970, RAN
boil,19692,2020-09-09, boil of axilla    ,2/1/1970, RAN
boil,19692,2021-01-04,  boil  boil ,2/1/1970, RAN
boil,19692,2021-04-27,  boil   ,2/1/1970, RAN
boil,19692,2022-07-12,  boil   ,2/1/1970, RAN
boil,19770,2017-02-08, boil and skin sore to feet    ,9/15/1995, RAN
boil,19770,2019-09-27, boil of groin    ,9/15/1995, RAN
boil,19770,2019-10-23, boil of upper limb    ,9/15/1995, RAN
boil,20036,2017-05-09,      boils         ,4/22/1971, GP
boil,20051,2018-07-13, boil of thigh    ,9/8/2002, RAN
boil,20051,2018-12-03, boil - right upper thigh and right forearm    ,9/8/2002, RAN
boil,20058,2019-11-14, boil    ,3/11/1987, RAN
boil,20102,2017-06-06, boil    ,8/25/1989, RAN
boil,20102,2017-07-18, boils    ,8/25/1989, RAN
boil,20102,2017-07-27, impetigo + boil.    ,8/25/1989, RAN
boil,20102,2018-10-03, boil of buttock    ,8/25/1989, RAN
boil,20102,2019-03-11, boil of breast    ,8/25/1989, RAN
boil,20102,2019-07-22, boil of breast and daa    ,8/25/1989, RAN
boil,20102,2019-11-22, telehealth and boil    ,8/25/1989, RAN
boil,20102,2021-05-13,  boil of back   ,8/25/1989, RAN
boil,20102,2021-12-14,  healthy adult boil of axilla  ,8/25/1989, RAN
boil,20180,2020-11-17,  boil of back erectile dysfunction erectile dysfunction   medication review done by doctor   ,2/10/1972, GP Registrar
boil,20202,2022-12-29,  boil   ,3/7/1997, RAN
boil,20202,2023-01-03,  boil   ,3/7/1997, RAN
boil,20223,2019-12-03, boil     daa pickup    ,4/10/1969, GP
boil,20223,2020-03-23,    boil ,4/10/1969, RAN
boil,20223,2022-03-01,  boil   ,4/10/1969, RAN
boil,20223,2022-10-21,  multiple boils   ,4/10/1969, RAN
boil,20265,2017-11-17, boil         ,8/1/1972, RAN
boil,20265,2018-04-26, daily wound dressing (post boil) and for review    ,8/1/1972, RAN
boil,20265,2018-11-23, boils    ,8/1/1972, RAN
boil,20265,2018-11-29," recurring skin boils, review,dressing and daa    ",8/1/1972, RAN
boil,20265,2019-04-09,"      review wound, medication  and boil    ",8/1/1972, GP
boil,20265,2019-08-09, boil of forearm    ,8/1/1972, RAN
boil,20265,2021-04-29,  boil   ,8/1/1972, RAN
boil,20293,2020-02-06, sore left heel   boil ,8/19/1977, RAN
boil,20303,2018-03-08, for review and dressing of wound from boil    ,12/16/1998, RAN
boil,20319,2017-01-20, boil - right thigh    ,3/11/2006, RAN
boil,20320,2020-05-11, boil of anus   boil of anus ,4/28/1992, RAN
boil,20320,2021-10-25,  medication given boil of axilla  ,4/28/1992, RAN
boil,20371,2019-09-25, boil    ,7/15/1998, RAN
boil,20371,2019-10-03, skin sores and boils    ,7/15/1998, RAN
boil,20392,2017-06-09,      boil on buttocks    ,4/5/1999, RAN
boil,20398,2017-11-08, nimenrix imms and boil    ,5/25/1981, RAN
boil,20398,2020-09-02, boil of axilla   medication given ,5/25/1981, RAN
boil,20398,2023-01-18,  boil   ,5/25/1981, Midwife / RAN
boil,20404,2021-12-14,  muscle pain microalbuminuria    medication given boil of foot  ,8/24/1983, GP
boil,20459,2017-06-20,      boil    ,6/18/1984, GP
boil,20459,2017-07-03, boil on arm    ,6/18/1984, RAN
boil,20515,2021-09-29,  boil of buttock   ,4/4/1974, RAN
boil,20515,2022-04-26,  dentalgia wound healing well boil of axilla      ,4/4/1974, GP
boil,20515,2022-11-07,  multiple boils     boil of buttock   ,4/4/1974, Locum GP
boil,20515,2022-11-17,  boil of thumb   ,4/4/1974, RAN
boil,20515,2022-11-21,  boil of thumb   ,4/4/1974, RAN
boil,20746,2017-05-25, boil (r) forearm    ,8/6/1993, RAN
boil,20797,2020-10-15,  lump on neck  boil ,3/13/1992, RAN
boil,20906,2023-02-21,  leg pain  boils of multiple sites ,3/26/1973, RAN
boil,20926,2020-09-03, multiple boils    ,3/28/1973, RAN
boil,20958,2017-07-12, boil on l)shin    ,11/23/1986, RAN
boil,20958,2017-07-21, painful boil    ,11/23/1986, RAN
boil,21155,2021-11-13,  boil   ,11/4/1964, RAN
boil,21200,2017-07-19, boil    ,7/10/2000, RAN
boil,21210,2017-01-20, boils - right outer aspect of thigh    ,6/4/2001, RAN
boil,21356,2022-12-13,  weight finding  boil ,5/1/1989, RAN
boil,23176,2021-12-13,  self-harm boil of knee  ,8/24/2007, RAN
boil,23176,2021-12-23,  healthy adolescent boil  ,8/24/2007, RAN
boil,48815,2018-01-08, for iron treatment and boils    ,4/3/2008, RAN
boil,55122,2022-02-15,  boil rash present boil   boil   ,8/5/1988, GP
boil,156471,2017-02-15," boil, medication and atsi health check    ",3/7/1997, RAN
boil,156471,2018-02-26, boil and skin sores    ,3/7/1997, RAN
boil,156471,2019-12-17, boil   uti - urinary tract infection  boil    ,3/7/1997, GP
boil,205487,2018-08-28, boils and daa    ,7/1/1958, RAN
boil,205487,2020-10-26,  boil of upper arm and forearm   ,7/1/1958, RAN
boil,205487,2020-11-02,  boil of forearm   ,7/1/1958, RAN
boil,205559,2021-11-11,  multiple boils   ,1/18/2007, RAN
boil,205605,2018-03-26, ? boil    ,8/31/2001, RAN
boil,205605,2021-08-31,  multiple boils  mild fatty liver ,8/31/2001, RAN
boil,205638,2017-07-10," boils, skin sores and anemia    ",10/16/2009, RAN
boil,205972,2017-04-21,      boil    ,9/14/1957, Visiting Physician
boil,205972,2018-04-22, boils to scalp    ,9/14/1957, RAN
boil,206035,2020-09-29,  boil medication given urti - viral upper respiratory tract infection ,9/17/1978, RAN
boil,206035,2020-10-12,  boil of forearm   ,9/17/1978, RAN
boil,236588,2018-09-13, scabies and boil    ,, RAN
boil,240629,2021-03-18,  medication given  boil ,10/7/2010, RAN
boil,255260,2017-01-05, dressings for boil    ,7/1/1952, AHW
boil,255260,2019-04-05, boil and pathology    ,7/1/1952, RAN
boil,255260,2020-02-24, boil   boil ,7/1/1952, RAN
boil,255260,2023-02-15,  boil   ,7/1/1952, Health Centre Coordinator
boil,268652,2023-01-25,  multiple boils  multiple boils   urine finding   ,7/1/1942, RAN
boil,278986,2020-07-22, boil    ,10/11/2011, RAN
boil,348887,2017-03-13, boil r) foot    ,9/10/2012, RAN
boil,365633,2019-12-07, carbuncle/boil    ,1/30/1995, RAN
boil,432071,2021-11-09,"  mva - motor vehicle accident  degloving injury, forearm   boils of multiple sites   ",5/1/1993, GP
boil,434479,2017-06-27, ? boil / abscess    ,6/3/2013, RAN
boil,480818,2018-03-28, boil and atsi child health check and pip form    ,12/18/2009, RAN
boil,498069,2017-02-15,      boil and low hb ( poc)         ,1/6/2014, GP
boil,498069,2017-02-28,      boils and skin sores    ,1/6/2014, GP
boil,498069,2017-07-18, boils    ,1/6/2014, RAN
boil,498069,2017-12-29, boils    ,1/6/2014, RAN
boil,498069,2018-01-08, boil for review and lost of appetite    ,1/6/2014, RAN
boil,498069,2018-02-27, weight review and boil    ,1/6/2014, RAN
boil,498069,2018-03-15, boils and weight review    ,1/6/2014, RAN
boil,498069,2021-02-22,  boil of buttock   ,1/6/2014, RAN
boil,498069,2022-01-20,  multiple boils   ,1/6/2014, RAN
boil,525424,2022-10-07,  boil of elbow   ,4/14/2014, RAN
boil,525424,2023-01-19,  boil   ,4/14/2014, RAN
boil,525424,2023-01-23,  boil   ,4/14/2014, RAN
boil,525928,2017-01-17," boil, csom & child health check(715)    ",4/5/2014, RAN
boil,564832,2018-02-28, weight review and boil    ,10/4/2014, RAN
boil,564832,2020-10-19,  boil     medication given scabies  ,10/4/2014, Locum GP
boil,590016,2023-01-31,  boils of multiple sites  foreign body   skin infection   ,1/25/2015, Locum GP
boil,598845,2019-09-06, boil of buttock    ,2/8/2015, RAN
boil,598845,2021-01-19,  knee pain  boil of knee ,2/8/2015, RAN
boil,598845,2021-05-17,  impetigo     multiple boils   ,2/8/2015, GP
boil,700478,2018-01-07, boil to left knee    ,1/7/2015, RAN
boil,711928,2017-02-14, fever and boil         ,12/13/2015, RAN
boil,711928,2020-04-14, boil   sore on skin  pain from boil   pain ,12/13/2015, RAN
boil,711928,2023-01-03,  boil   ,12/13/2015, RAN
boil,711928,2023-01-09,  boils of multiple sites  subacromial bursitis ,12/13/2015, RAN
boil,711928,2023-02-08,  boil of ankle     personal administration        ,12/13/2015, Visiting Paediatrician
boil,735996,2018-09-18, boils    ,2/3/2014, RAN
boil,736622,2021-05-04,  multiple boils graze  ,10/16/2015, RAN
boil,738268,2018-03-23, boil of buttock     sore buttocks    ,4/26/2016, RAN
boil,738268,2022-05-09,  multiple boils   ,4/26/2016, RAN
boil,738268,2022-09-13,  medication given  boil of back ,4/26/2016, RAN
boil,751817,2018-02-02, review to boils to r knee    ,6/18/2016, AHW
boil,751817,2020-01-09, boil   admin - not seen (thyroid us ordered) ,6/18/2016, RAN
boil,751817,2020-07-02, sore skin   boil of buttock ,6/18/2016, RAN
boil,792773,2021-11-15,  multiple boils   ,12/24/2016, RAN
boil,823369,2019-03-15, boil of left lower leg    ,7/28/1982, RAN
boil,830440,2022-05-26,  multiple boils   ,3/1/2017, RAN
boil,835142,2020-12-03,  injection given  boil of buttock   boil of buttock   ,8/9/2016, GP Registrar
boil,932943,2019-01-29, boil of breast    ,3/8/2018, RAN
boil,936131,2021-12-30,  boil of buttock   ,12/13/2017, RAN
boil,936131,2022-01-03,  boil of buttock   ,12/13/2017, RAN
boil,936131,2022-06-19,  boil   ,12/13/2017, RAN
boil,936131,2022-07-06,  boil   ,12/13/2017, RAN
boil,953331,2022-12-29,  skin sores/ boils   ,10/3/2013, RAN
boil,953331,2023-01-03,  skin sores/ boils   ,10/3/2013, RAN
boil,975325,2022-11-01,  boil   ,5/28/2018, RAN
boil,1025924,2020-05-05, boil of axilla     boil of axilla   boil of axilla ,4/14/1977, GP
boil,1025924,2020-11-09,  boil   ,4/14/1977, RAN
boil,1045423,2023-01-09,  otitis externa boil  ,1/3/1995, RAN
boil,1045423,2023-01-17,  boil   ,1/3/1995, RAN
boil,1048271,2019-11-14, multiple boils    ,5/22/2000, RAN
boil,1120602,2021-05-25,  boil of flank   ,4/19/2017, RAN
boil,1159526,2022-05-26,  vaccination given vaccination given boil of back ,8/1/2019, RAN
boil,1195217,2021-07-26,  boil   ,12/22/2019, RAN
boil,1195217,2021-10-17,  boil   ,12/22/2019, RAN
boil,1195217,2023-01-30,  wound  multiple boils   vaccination given infection herpes zoster ,12/22/2019, Locum GP
boil,1195217,2023-02-16,  multiple boils   ,12/22/2019, Health Centre Coordinator
boil,1198624,2020-01-14, boil of forearm    ,3/17/1997, RAN
boil,1213628,2020-10-27,  foot pain  bursitis - ankle/foot   boil   ,3/18/1953, GP Registrar
boil,1298571,2022-02-07,  boil   ,5/1/2016, AHW
boil,1773039,2023-02-02,  boil   ,10/28/2014, Midwife / RAN
boil,1781378,2022-12-14,  boil  boil ,10/10/2003, RAN
abscess,18465,2021-10-05,  pilonidal abscess   ,8/28/1999, GP
abscess,18472,2021-06-16,  skin abscess  skin abscess ,7/22/1958, GP
abscess,18875,2017-10-30, dental abscess    ,12/30/2001, RAN
abscess,19030,2020-01-07, abscess   abscess  left wrist pain   shortness of breath ,2/3/1988, GP
abscess,19159,2021-01-05,  abscess diabetes sepsis ,7/26/1983, GP
abscess,19626,2017-09-13, for review of lump/abscess - rt leg    ,6/11/1965, RAN
abscess,19692,2021-01-05,  abscess for migraine    general observation of patient  boil ,2/1/1970, GP
abscess,19770,2022-08-16,  abscess of foot   ,9/15/1995, GP
abscess,20102,2020-12-15,  abscess of breast  left breast lump ,8/25/1989, GP
abscess,20102,2021-04-12,  breast infection     abscess of breast   ,8/25/1989, GP
abscess,20102,2021-05-04,  abscess of breast  respects others ,8/25/1989, GP
abscess,20102,2021-06-15,  abscess of breast  periductal mastitis   medication requested  medication given ,8/25/1989, GP
abscess,20202,2023-01-29,  dental abscess   ,3/7/1997, Midwife / RAN
abscess,20404,2020-04-17, abscess of breast    ,8/24/1983, RAN
abscess,20515,2019-12-18, review abscessed hand    ,4/4/1974, RAN
abscess,20515,2022-05-28,  dental abscess   ,4/4/1974, RAN
abscess,20913,2018-05-28, dental abscess and atsi adult health check    ,6/24/1985, RAN
abscess,21155,2019-05-24, for administration of iv antibiotics for left groin ? abscess    ,11/4/1964, RAN
abscess,21275,2020-05-05, dental abscess    ,3/23/1977, GP
abscess,21345,2020-03-17, dental abscess   repeated prescription ,9/8/1966, RAN
abscess,205487,2020-02-10, tooth abscess    ,7/1/1958, RAN
abscess,205590,2018-01-29, review abcess    ,5/20/1967, RAN
abscess,255260,2022-11-28,  dental abscess   ,7/1/1952, Health Centre Coordinator
abscess,255974,2022-05-23,  dental abscess   ,11/28/2000, RAN
abscess,434479,2017-06-27, ? boil / abscess    ,6/3/2013, RAN
abscess,525928,2017-01-22, pain to abdomen ( abscess )    ,4/5/2014, RAN
abscess,590016,2022-09-13,  abscess     medication given   ,1/25/2015, GP
abscess,598845,2021-04-19,  abscess   ,2/8/2015, Midwife / RAN
abscess,751817,2020-03-05, multiple complaints   tooth abscess ,6/18/2016, RAN
abscess,751817,2020-07-04, boil     wound abscess    ,6/18/2016, RAN
abscess,763405,2019-10-28, abscess    ,5/31/2016, RAN
abscess,814962,2021-12-21,  abscess     abscess of right foot   ,12/5/2016, GP
abscess,930170,2021-03-03,  skin abscess   ,2/20/2018, RAN
abscess,936131,2021-12-16,  tooth abscess     under care of occupational therapist   ,12/13/2017, RAN
abscess,936131,2022-01-04,  abscess   ,12/13/2017, GP
abscess,1201340,2020-02-11, acute non-puerperal breast abscess   abscess of breast  abscess of breast    ,4/15/1985, GP
abscess,1213628,2020-09-08, foot pain   foot pain  foot injury   dental abscess ,3/18/1953, GP
abscess,1301490,2021-12-23,  abscess   ,11/17/1974, GP
abscess,1460241,2021-05-18,  skin abscess   ,10/25/2002, RAN
skin,8349,2022-12-06,  skin disease   ,4/12/1970, RAN
skin,11086,2020-02-17, wound   wound of skin (disorder) ,8/19/1988, RAN
skin,11086,2020-02-28, sore on skin   sore on skin ,8/19/1988, RAN
skin,11086,2021-09-28,  sore on skin   ,8/19/1988, RAN
skin,11086,2021-10-04,  sore on skin   ,8/19/1988, RAN
skin,11086,2023-03-01,  sore skin healthy adult  ,8/19/1988, RAN
skin,17169,2022-01-27,  skin breakdown medication given  ,1/19/1967, RAN
skin,17219,2020-01-07, pregnancy plannning   skin sores  implant removal    ,9/4/2002, GP
skin,18472,2021-06-16,  skin abscess  skin abscess ,7/22/1958, GP
skin,18541,2017-09-11, injury and skin sore    ,1/19/1980, RAN
skin,18551,2018-10-29, skin rashes and itchiness and atsi adult health check    ,1/5/1985, RAN
skin,18561,2017-06-13, itchy skin + haemmorhoids.    ,1/15/1978, RAN
skin,18561,2018-03-06,      diarrhea and itchy skin    ,1/15/1978, GP
skin,19030,2017-01-30, skin sores and boil    ,2/3/1988, RAN
skin,19030,2017-02-06, boils and skin sores    ,2/3/1988, RAN
skin,19030,2017-03-03, skin sores and dry skin    ,2/3/1988, RAN
skin,19030,2017-03-10, skin sores to left leg    ,2/3/1988, RAN
skin,19030,2019-10-01, period disorder     skin sores    ,2/3/1988, GP
skin,19153,2018-01-09,"      va, ahc and skin sores to left hand and right middle finger    ",10/11/1990, GP
skin,19153,2023-03-28,  skin lesion     finger injury   ,10/11/1990, GP
skin,19243,2020-01-23, sore skin    ,2/6/1993, RAN
skin,19294,2019-11-12,      attempted hanging     skin lac and pre-pregnancy counselling    ,5/31/1992, GP
skin,19357,2018-03-09,      skin rashes    ,7/14/1997, GP
skin,19446,2020-03-09, sore on skin   sore on skin  wound   diarrhea and vomiting ,5/2/1995, RAN
skin,19562,2020-04-08, skin breakdown    ,9/10/2004, RAN
skin,19568,2018-06-26, skin impetigo    ,8/16/1989, RAN
skin,19568,2021-03-10,  sore skin   ,8/16/1989, RAN
skin,19630,2023-01-10,  skin infection scabies  ,2/16/1984, RAN
skin,19648,2020-11-18,  skin infection   ,7/17/2000, RAN
skin,19675,2021-04-20,  sebaceous cyst of skin  skin infection ,4/26/1966, GP
skin,19675,2022-06-20,  skin infection   ,4/26/1966, RAN
skin,19675,2022-12-01,  lump of skin  inr ,4/26/1966, GP
skin,19675,2022-12-12,  skin sores     personal administration     wound - in medical care sore throat symptom  ,4/26/1966, GP
skin,19680,2021-08-02,  skin breakdown   ,3/26/1991, RAN
skin,19692,2020-02-04, multiple complaints   itchy skin eruption  cold/flu symptoms    ,2/1/1970, GP
skin,19770,2017-02-08, boil and skin sore to feet    ,9/15/1995, RAN
skin,19903,2017-11-16, skin sores and discharges from right ear    ,6/20/1967, RAN
skin,19977,2017-01-24, infected wound - left big toe and  skin sores - right leg    ,6/1/1984, RAN
skin,19977,2020-07-07, skin breakdown   skin infection ,6/1/1984, GP Registrar
skin,20017,2021-06-21,  sore on skin   ,5/18/1983, RAN
skin,20040,2021-11-10,  antenatal - shared care     gestational diabetes     skin breakdown   ,12/12/1999, Midwife / RAN
skin,20180,2022-10-12,  medication given sore on skin  ,2/10/1972, RAN
skin,20202,2017-06-19, infected skin sores - right lower leg    ,3/7/1997, RAN
skin,20223,2021-12-24,  skin breakdown   ,4/10/1969, RAN
skin,20265,2018-02-28, skin sores to left thigh    ,8/1/1972, RAN
skin,20265,2018-05-07," atsi adult health check, daa and skin sores    ",8/1/1972, RAN
skin,20265,2018-11-29," recurring skin boils, review,dressing and daa    ",8/1/1972, RAN
skin,20265,2018-12-04," for review of skin post treatment, daa and dry skin    ",8/1/1972, RAN
skin,20265,2021-08-24,  muscle pain     medication given dry skin  ,8/1/1972, GP
skin,20265,2021-12-30,  vaccination given dry skin  ,8/1/1972, RAN
skin,20303,2019-03-20, stoned bruise and cracked skin    ,12/16/1998, RAN
skin,20320,2019-11-13," bp check, smoking cessation, weight management + skin chaffing    ",4/28/1992, RAN
skin,20333,2021-12-16,  skin breakdown     vaccination given   ,3/10/2006, RAN
skin,20371,2019-10-03, skin sores and boils    ,7/15/1998, RAN
skin,20398,2020-05-11, skin clean   skin clean ,5/25/1981, RAN
skin,20401,2017-01-23, skin sores    ,7/27/1987, RAN
skin,20404,2021-01-05,  wound infected  skin infection   wound dirty   ,8/24/1983, Senior Medical Officer
skin,20515,2021-02-16,  skin infection soft tissue infection    wound   ,4/4/1974, GP
skin,20515,2022-01-10,  medication given itching of skin  ,4/4/1974, RAN
skin,20515,2022-02-23,  under care of physiotherapist     vaccination given  skin plaque ,4/4/1974, RAN
skin,20683,2017-06-07," infection skin, ankle         ",2/1/2005, RAN
skin,20771,2020-02-27, sore on skin   sore on skin ,11/19/2004, RAN
skin,20906,2018-09-27, daa and skin rashes    ,3/26/1973, RAN
skin,20906,2023-04-04,  headache     sore skin itching of vagina  ,3/26/1973, GP
skin,20958,2019-12-24, tinea cruris   skin infection ,11/23/1986, GP
skin,21099,2022-09-08,  type 2 diabetes  skin infection ,5/26/1961, RAN
skin,21101,2021-07-27,  personal administration  skin infection ,1/26/1960, RAN
skin,21148,2022-09-07,  sore on skin   ,5/21/1983, RAN
skin,21155,2019-05-19, skin infection    ,11/4/1964, RAN
skin,21155,2019-05-25, for review of skin abscess to left groin.    ,11/4/1964, RAN
skin,21172,2020-05-18, medication requested   medication requested  skin disease   ckd stage 5 ,8/20/1981, RAN
skin,21172,2020-05-28, itching of skin   fungal dermatitis ,8/20/1981, RAN
skin,21250,2019-12-17, itchy skin    ,5/14/1991, RAN
skin,21271,2022-03-01,  sore on skin  well child   sore on skin  well child ,7/14/1991, GP
skin,21271,2022-04-29,  skin infection   ,7/14/1991, RAN
skin,21276,2021-12-31,  sore skin   ,5/2/1986, RAN
skin,21345,2023-01-25,  skin irritation   ,9/8/1966, Midwife / RAN
skin,21883,2019-10-24, skiin sores and scabies     skin sores     skin sores    ,6/24/2005, GP
skin,23169,2017-11-20, skin sores    ,8/22/2007, RAN
skin,23169,2018-05-14, sore throat and skin sores    ,8/22/2007, RAN
skin,23169,2019-07-15, sore eyes and skin rashes    ,8/22/2007, RAN
skin,23176,2020-06-22, laceration of skin of hand   laceration of skin of hand ,8/24/2007, RAN
skin,42428,2022-04-11,  tonsillitis skin infection  ,6/26/2002, AHW
skin,49135,2017-04-11,      skin sores    ,7/26/2008, GP
skin,49135,2018-04-30, skin sores and iron treatment    ,7/26/2008, RAN
skin,49882,2017-06-08, skin sore + rv    ,5/26/1965, RAN
skin,49882,2017-07-20, itchy skin    ,5/26/1965, RAN
skin,50994,2022-12-07,       skin infestation   ,2/7/1989, RAN
skin,51281,2021-08-31,  wound of skin  infected wound   infected wound   ,4/22/1990, GP
skin,54711,2021-02-16,  skin infestation   ,9/26/1998, RAN
skin,55122,2022-03-03,  skin eruption   ,8/5/1988, Midwife / RAN
skin,156471,2018-02-26, boil and skin sores    ,3/7/1997, RAN
skin,188111,2018-05-30, first degree heart block     skin sores and iron treatment    ,4/21/2007, Visiting Paediatrician
skin,204053,2022-04-28,  sore skin   ,2/7/2009, AHW
skin,205487,2020-01-20, itching of skin    ,7/1/1958, RAN
skin,205487,2020-05-04, sore on skin   sore skin ,7/1/1958, RAN
skin,205487,2020-05-11, sore on skin   sore on skin ,7/1/1958, RAN
skin,205487,2020-09-09, sore skin    ,7/1/1958, RAN
skin,205559,2018-05-28, skin sores    ,1/18/2007, RAN
skin,205601,2020-05-04, skin breakdown    ,4/15/2009, RAN
skin,205601,2021-06-10,  sore on skin   ,4/15/2009, RAN
skin,205638,2017-07-10," boils, skin sores and anemia    ",10/16/2009, RAN
skin,205972,2018-04-23, for review of skin sores and boils    ,9/14/1957, RAN
skin,211444,2020-01-23, infected skin sores     iron dose 2 of 5    ,6/2/2010, GP Registrar
skin,211444,2020-05-19, sore on skin   sore on skin ,6/2/2010, RAN
skin,211569,2019-08-12, skin sores and atsi child health check    ,6/1/2010, RAN
skin,255038,2020-04-22, pimple of skin    ,8/22/1963, RAN
skin,255260,2017-02-15,      itchy skin on legfs    ,7/1/1952, RAN
skin,255260,2018-10-04, daa and itchy skin    ,7/1/1952, RAN
skin,255260,2022-03-16,  excoriation of skin   ,7/1/1952, Health Centre Coordinator
skin,255260,2022-07-18,  dry skin   ,7/1/1952, RAN
skin,255952,2020-11-05,  itching of skin  infestation ,6/22/1992, RAN
skin,268652,2017-02-27," dry skin, pain to lower limbs and common cols    ",7/1/1942, RAN
skin,268652,2018-08-27, daa and dry skin    ,7/1/1942, RAN
skin,268652,2020-04-21, itchy     skin irritation    ,7/1/1942, GP
skin,268652,2021-04-14,  personal administration     pathology specimen submitted  skin infection ,7/1/1942, GP
skin,268652,2021-05-11,  dry skin   ,7/1/1942, GP
skin,274017,2019-12-03, medication check   skin sores ,4/10/1974, RAN
skin,284247,2020-03-25,    skin sores ,8/28/1996, RAN
skin,302350,2019-10-08, skin sores    ,1/1/1955, RAN
skin,365633,2022-02-15,  ear pain skin rash otitis externa   well child   ,1/30/1995, GP
skin,371176,2020-11-30,  skin infection skin infection  ,9/3/1998, RAN
skin,416467,2020-02-24, sore on skin   trachomatous granular conjunctivitis ,3/27/2013, RAN
skin,454424,2020-03-20, skin dirty    ,8/12/2013, RAN
skin,454424,2020-08-31, sore on skin   impetigo ,8/12/2013, RAN
skin,454424,2021-02-19,  sore skin cough  ,8/12/2013, RAN
skin,454424,2022-03-17,  sore on skin  chronic disease ,8/12/2013, Health Centre Coordinator
skin,454424,2022-10-10,  sore on skin   ,8/12/2013, RAN
skin,469059,2018-09-28, skin sores    ,8/11/2013, RAN
skin,488644,2020-02-24, skin irritation    ,9/15/2008, RAN
skin,498069,2017-02-28,      boils and skin sores    ,1/6/2014, GP
skin,498069,2019-10-02, skin sores    ,1/6/2014, RAN
skin,510840,2021-11-12,  sore skin  scalp infection ,3/24/2014, GP
skin,525424,2021-10-15,  hot oil burn of skin   ,4/14/2014, RAN
skin,525928,2021-04-28,  under care of physiotherapist  skin sores ,4/5/2014, ECS Physiotherapist
skin,525928,2022-01-18,  skin breakdown   ,4/5/2014, RAN
skin,532015,2020-04-09, skin infection    ,7/15/1967, RAN
skin,558355,2022-02-22,  sore on skin     under care of physiotherapist   ,9/19/2014, RAN
skin,558355,2022-11-08,  urine finding sore skin  ,9/19/2014, RAN
skin,564832,2017-01-23, infected skin sores    ,10/4/2014, RAN
skin,564832,2017-03-07,      skin sores and infected wound.    ,10/4/2014, GP
skin,564832,2017-04-21, skin sore and anaemia    ,10/4/2014, RAN
skin,564832,2017-04-27,"      dcp -  weight, skin, anaemia protocol    ",10/4/2014, RAN
skin,564832,2020-06-16, sore on skin   impetigo ,10/4/2014, RAN
skin,575397,2021-07-13,  reflux esophagitis  sore on skin ,10/17/1990, RAN
skin,586449,2018-03-27, skin sores and deworming    ,12/31/2014, RAN
skin,590016,2018-07-05, skin sores    ,1/25/2015, RAN
skin,590016,2020-10-29,  skin lesion   ,1/25/2015, RAN
skin,590016,2022-07-11,  sore on skin   ,1/25/2015, RAN
skin,590016,2023-01-31,  boils of multiple sites  foreign body   skin infection   ,1/25/2015, Locum GP
skin,598845,2017-05-25, skin infection    ,2/8/2015, RAN
skin,598845,2020-01-21, skin sores    ,2/8/2015, RAN
skin,598845,2021-01-21,"  blister of knee, infected  skin infection ",2/8/2015, RAN
skin,598845,2021-02-15,  infected skin sores   ,2/8/2015, RAN
skin,598845,2021-04-08,  skin infection   ,2/8/2015, Midwife / RAN
skin,598845,2022-02-07,  sore on skin ear finding  ,2/8/2015, AHW
skin,598845,2023-02-23,  infected skin sores   ,2/8/2015, RAN
skin,678073,2020-03-25,    skin lesions dorsum hand for megan to biopsy as planned  collected sti pathology (careplan items)   viral infection ,3/30/1994, RAN
skin,711928,2020-04-14, boil   sore on skin  pain from boil   pain ,12/13/2015, RAN
skin,711928,2021-07-18,  tingling of skin   ,12/13/2015, RAN
skin,735996,2017-04-26, skin sores and child health check    ,2/3/2014, RAN
skin,735996,2017-05-16,"       skin sores, sore eye and diarhoea    ",2/3/2014, GP
skin,735996,2018-08-29, skin rashes    ,2/3/2014, RAN
skin,737755,2020-03-24, lacerated lip ? tooth injury   sore skin      ,12/6/2015, GP
skin,737755,2022-02-07,  skin infection   ,12/6/2015, RAN
skin,738268,2018-11-26, for review of ears and skin sores    ,4/26/2016, RAN
skin,738268,2022-02-02,  sore skin   ,4/26/2016, RAN
skin,738268,2022-03-09,  follow-up review of patient requested     sore on skin   ,4/26/2016, RAN
skin,751817,2017-05-01," weight, skin and trachoma screening    ",6/18/2016, RAN
skin,751817,2017-05-15," weight, skin and hb check    ",6/18/2016, RAN
skin,751817,2020-07-02, sore skin   boil of buttock ,6/18/2016, RAN
skin,751817,2020-07-07, sore on skin   sore on skin  immunisation due   immunisation consent given ,6/18/2016, GP Registrar
skin,751817,2020-09-24,  skin problem  hepatitis c ,6/18/2016, RAN
skin,797137,2018-05-21, skin rashes    ,1/13/2017, RAN
skin,797137,2023-04-04,  sore skin   ,1/13/2017, RAN
skin,830440,2021-06-09,  sore on skin  hyperglycaemia ,3/1/2017, RAN
skin,830440,2022-07-11,  sore skin   ,3/1/2017, RAN
skin,830440,2023-01-24,  skin infection   ,3/1/2017, Midwife / RAN
skin,930170,2019-11-18, skin sores    ,2/20/2018, RAN
skin,930170,2020-04-02, skin infection    ,2/20/2018, RAN
skin,930170,2020-11-16,  skin infection  impetigo   fall - accidental   ,2/20/2018, RAN
skin,930170,2021-03-03,  skin abscess   ,2/20/2018, RAN
skin,930170,2021-12-21,  skin breakdown   ,2/20/2018, RAN
skin,930170,2022-01-31,"  open wound foot, dorsum  skin infection ",2/20/2018, RAN
skin,932943,2019-11-04, skin sores    ,3/8/2018, RAN
skin,932943,2019-11-21, review mrsa skin sores    ,3/8/2018, RAN
skin,953331,2022-12-29,  skin sores/ boils   ,10/3/2013, RAN
skin,953331,2023-01-03,  skin sores/ boils   ,10/3/2013, RAN
skin,958969,2021-06-17,  lump of axilla     sore on skin  sore on skin ,8/16/1999, RAN
skin,1025924,2019-10-10,      antenatal g 8+/40 (re 1st trimester screen-harmoney nipt-r/o skin tag-other bloods lft et al    ,4/14/1977, GP
skin,1025924,2019-10-15, results/ removal of skin tag     evaluation of test results    ,4/14/1977, GP
skin,1025924,2020-02-11, antenatal visit   junctional melanocytic nevus of skin ,4/14/1977, Midwife / RAN
skin,1069158,2019-09-19, skin sores    ,11/19/2018, RAN
skin,1073615,2019-05-24, review skin graft    ,11/17/2018, RAN
skin,1073615,2019-09-23, neck skin sore     for iron treatment    ,11/17/2018, GP Registrar
skin,1157933,2019-10-01, 8 week asq trak/ eachs complete. skin r/v     needs hearing test rpt'd in perth in 3/12.  awaiting appt    ,7/15/2019, Child Health Nurse / RAN
skin,1157933,2019-11-20, review skin sores    ,7/15/2019, RAN
skin,1157933,2020-03-03, sore on skin   scabies ,7/15/2019, RAN
skin,1157933,2020-03-20, parents advised pch apptn deferred     skin infection    ,7/15/2019, RAN
skin,1157933,2023-01-03,  skin infection   ,7/15/2019, RAN
skin,1158774,2019-11-19, skin problems + flu vax administration    ,3/1/2019, RAN
skin,1159526,2020-02-04, cold symptoms   itchy skin eruption  restless child    ,8/1/2019, RAN
skin,1159526,2022-09-07,  anaemia  skin infection ,8/1/2019, RAN
skin,1160731,2019-10-28, painful r hand/skin scraps    ,1/1/1990, RAN
skin,1168128,2021-12-20,  skin breakdown   ,6/1/2019, RAN
skin,1187073,2020-03-05, sore on skin   scabies ,2/26/2019, RAN
skin,1187073,2020-03-11, skin disease    ,2/26/2019, RAN
skin,1187073,2020-03-23, skin breakdown    ,2/26/2019, RAN
skin,1187073,2020-04-20, anaemia     laceration of skin    ,2/26/2019, RAN
skin,1195217,2021-07-18,  sore on skin   ,12/22/2019, RAN
skin,1195217,2022-12-20,  skin infection   ,12/22/2019, Medical Student
skin,1195217,2023-01-11,  skin integrity impairment   ,12/22/2019, RAN
skin,1245270,2017-05-02,"      urti, skin sores and anaemia    ",3/1/2006, GP
skin,1305690,2020-12-07,  sore on skin   ,12/3/1996, RAN
skin,1320464,2022-07-11,  skin infection   ,12/8/2020, RAN
skin,1320464,2022-11-10,  sore skin   ,12/8/2020, RAN
skin,1320464,2022-12-15,  sore on skin  sore on skin ,12/8/2020, RAN
skin,1320464,2023-04-03,  sore skin   ,12/8/2020, RAN
skin,1460241,2021-05-18,  skin abscess   ,10/25/2002, RAN
skin,1487947,2023-03-30,  sore skin  lethargy ,6/3/2021, RAN
skin,1504852,2021-08-05,  tinea corporis     skin lesion  female pelvic organ prolapse ,9/14/1998, GP
skin,1504852,2021-08-12,  skin lesion   ,9/14/1998, RAN
skin,1517180,2022-10-17,  medication given  skin infection ,6/21/2021, RAN
skin,1723237,2022-08-12,  skin breakdown  skin breakdown ,12/6/2021, RAN
skin,1723237,2022-08-30,       skin breakdown   ,12/6/2021, GP Registrar
skin,1773039,2023-01-25,  sore on skin   ,10/28/2014, Midwife / RAN
skin,1969011,2022-11-15,  skin infection   ,3/31/2022, RAN
skin,2015990,2022-10-11,  sore skin   ,4/25/1999, GP
rash,17169,2022-05-31,  nocturia rash chronic disease ,1/19/1967, GP
rash,19675,2021-04-30,  rash   ,4/26/1966, RAN
rash,19675,2021-05-20,  rash   ,4/26/1966, RAN
rash,19692,2020-04-02, rash   personal administration ,2/1/1970, RAN
rash,19977,2020-02-25, rash   proteinuria  pathology examination findings present    ,6/1/1984, GP
rash,19977,2020-09-29,  rash     pathology specimen submitted   ,6/1/1984, GP
rash,19977,2020-10-06,  rash   ,6/1/1984, GP
rash,20102,2020-05-18, rash   insect bite ,8/25/1989, RAN
rash,20102,2021-06-14,  rash  ringworm ,8/25/1989, RAN
rash,20135,2022-11-08,  medication given rash  ,12/31/1973, RAN
rash,20653,2017-11-21, thrush and rash to the  right finger    ,2/17/1996, RAN
rash,20958,2021-05-07,  rash   ,11/23/1986, RAN
rash,21250,2019-12-03, rash/lump on penis     requires gp consult   well child ,5/14/1991, GP
rash,54711,2020-03-06, rash   pregnancy ,9/26/1998, RAN
rash,55122,2022-02-15,  boil rash present boil   boil   ,8/5/1988, GP
rash,205487,2020-10-27,  rash  urticaria ,7/1/1958, RAN
rash,205559,2017-12-29, rash    ,1/18/2007, RAN
rash,255974,2021-07-13,  rash   ,11/28/2000, RAN
rash,365633,2022-02-15,  ear pain skin rash otitis externa   well child   ,1/30/1995, GP
rash,564832,2020-08-31, on examination - rash present   fungal dermatitis ,10/4/2014, RAN
rash,774511,2018-01-31, rash on face    ,9/23/2016, RAN
rash,797137,2017-06-28, cough and nappy rash    ,1/13/2017, RAN
rash,811786,2017-04-03, urticarial rash    ,1/3/1965, RAN / Acting Remote Support Nurse
rash,823363,2018-04-19, rash    ,11/27/2007, RAN
rash,823369,2017-11-01," fungal rash, pain and constipation    ",7/28/1982, RAN
rash,823369,2018-07-03,"      fungal rash ,atsi health check and influenza vaccination    ",7/28/1982, GP
rash,930170,2020-07-07, anaemia   rash ,2/20/2018, RAN
rash,930170,2020-11-26,  anaemia  rash ,2/20/2018, RAN
rash,930170,2021-03-08,  rash   ,2/20/2018, RAN
rash,943841,2021-06-03,  rash of genitalia   ,4/6/1976, RAN
rash,1073615,2019-02-04, for weigh check and nappy rash    ,11/17/2018, RAN
rash,1073615,2019-09-19, iron treatment/rash    ,11/17/2018, RAN
rash,1120602,2019-09-10, review rash    ,4/19/2017, RAN
rash,1159526,2020-01-06, diaper rash    ,8/1/2019, RAN
rash,1159526,2020-03-16, rash of genitalia   dry cough ,8/1/2019, RAN
rash,1159526,2020-05-25, rash    ,8/1/2019, RAN
rash,1159526,2021-08-08,  rash   ,8/1/2019, RAN
rash,1180595,2019-10-23, rash to trunk/vomit/dry retching    ,11/22/1974, RAN
rash,1263097,2020-08-12, rash    ,5/5/2000, RAN
rash,1320464,2021-04-22,  diarrhoea rash  ,12/8/2020, RAN
rash,1320464,2021-07-13,  nappy rash   ,12/8/2020, RAN
rash,1503369,2021-09-17,  rash   ,8/10/2013, RAN
rash,1682157,2022-03-10,  rash   ,9/22/2021, Health Centre Coordinator
rash,1969011,2022-04-19,  rash miliaria crystallina  ,3/31/2022, GP
sores,49419,2017-07-26, review of sores.    ,10/15/2008, RAN
sores,735996,2017-05-16,"       skin sores, sore eye and diarhoea    ",2/3/2014, GP
impetigo,19294,2023-02-23,  impetigo  healthy child   medication given   ,5/31/1992, RAN
impetigo,19568,2018-06-26, skin impetigo    ,8/16/1989, RAN
impetigo,19630,2021-06-08,       wound infected fever impetigo   wound  wound ,2/16/1984, GP
impetigo,19630,2022-03-10,    impetigo ,2/16/1984, Health Centre Coordinator
impetigo,20018,2020-11-24,       impetigo impetigo  ,, GP
impetigo,20102,2017-07-27, impetigo + boil.    ,8/25/1989, RAN
impetigo,20515,2021-10-05,  diabetes     blister of finger  bullous impetigo   follow-up review of patient requested   ,4/4/1974, GP
impetigo,20861,2020-05-14,    impetigo ,6/22/1977, RAN
impetigo,21099,2022-02-15,       impetigo   ,5/26/1961, GP
impetigo,21221,2021-08-03,  impetigo   ,4/16/1999, GP
impetigo,21276,2022-01-20,  impetigo wound dirty  ,5/2/1986, RAN
impetigo,21284,2022-07-27,  impetigo   ,, RAN
impetigo,21284,2022-08-01,  streptococcosis     impetigo  impetigo ,, GP
impetigo,21884,2020-03-03, immunisation due   impetigo ,6/15/2006, RAN
impetigo,22607,2020-05-28, impetigo    ,5/11/2007, RAN
impetigo,48815,2017-06-15, impetigo    ,4/3/2008, Visiting Paediatrician
impetigo,49135,2023-01-30,  impetigo   ,7/26/2008, RAN
impetigo,49419,2017-04-18,      impetigo    ,10/15/2008, GP
impetigo,205559,2020-05-18, impetigo    ,1/18/2007, RAN
impetigo,205601,2022-01-06,  impetigo   ,4/15/2009, RAN
impetigo,211444,2022-10-19,  impetigo   ,6/2/2010, RAN
impetigo,230023,2023-02-10,  impetigo   ,12/11/2010, RAN
impetigo,413293,2020-04-04, impetigo   anaemia ,3/11/2013, RAN
impetigo,432071,2023-02-08,  impetigo   ,5/1/1993, RAN
impetigo,454424,2020-08-31, sore on skin   impetigo ,8/12/2013, RAN
impetigo,469059,2019-12-27, infected sores   impetigo ,8/11/2013, RAN
impetigo,485211,2021-03-31,  medication requested  impetigo ,8/5/2010, RAN
impetigo,498069,2021-08-03,  medication given  impetigo fever ,1/6/2014, Midwife / RAN
impetigo,564832,2020-06-16, sore on skin   impetigo ,10/4/2014, RAN
impetigo,564832,2020-07-22, impetigo    ,10/4/2014, RAN
impetigo,589875,2020-07-28, growth and development     impetigo    ,1/26/2015, Child Health Nurse / RAN
impetigo,598845,2021-05-17,  impetigo     multiple boils   ,2/8/2015, GP
impetigo,621191,2021-10-19,  impetigo   ,3/31/2015, GP
impetigo,711928,2021-08-17,  impetigo   ,12/13/2015, GP
impetigo,735996,2018-04-04, impetigo    ,2/3/2014, RAN
impetigo,737755,2017-11-20, otitis media and impetigo    ,12/6/2015, RAN
impetigo,751817,2019-10-31, anaemia     impetigo    ,6/18/2016, RAN
impetigo,930170,2020-11-16,  skin infection  impetigo   fall - accidental   ,2/20/2018, RAN
impetigo,975325,2022-03-15,  impetigo follicularis     impetigo   ,5/28/2018, GP
impetigo,1120602,2020-03-03, medication requested   impetigo ,4/19/2017, RAN
impetigo,1168128,2022-03-09,  follow-up review of patient requested head lice impetigo ,6/1/2019, Health Centre Coordinator
impetigo,1187073,2019-12-04, admin   chronic kidney disease  impetigo scalp & neck    ,2/26/2019, GP
impetigo,1187073,2020-02-03, impetigo   medication given ,2/26/2019, RAN
impetigo,1195217,2023-01-18,  impetigo   ,12/22/2019, RAN
impetigo,1225672,2020-08-17, personal administration   impetigo ,4/2/2020, RAN
impetigo,1320464,2022-09-02,  medication given  impetigo ,12/8/2020, RAN
impetigo,1651232,2023-02-02,  impetigo   ,9/8/2021, RAN
impetigo,1651232,2023-03-17,  impetigo   ,9/8/2021, RAN
impetigo,1773039,2023-02-10,  impetigo   ,10/28/2014, RAN
impetigo,1773048,2022-10-05,  impetigo   ,4/27/2010, RAN
impetigo,2021742,2022-09-01,  impetigo   ,4/28/2019, RAN
crusted,19675,2021-05-21,  wound dirty  crusted scabies ,4/26/1966, RAN
fungal,17169,2018-12-31, elevated bp and  fungal     for repeat bp    ,1/19/1967, RAN
fungal,18509,2019-03-25, fungal infection    ,6/10/1971, RAN
fungal,19357,2018-01-02, fungal rashes    ,7/14/1997, RAN
fungal,20102,2021-11-15,  fungus infection   ,8/25/1989, RAN
fungal,20398,2020-04-21, fungal infection   fungal infection ,5/25/1981, RAN
fungal,20653,2019-10-01, irritable bowel syndrome     fungal infection (ringworm)    ,2/17/1996, GP
fungal,20906,2020-06-22, medication given   fungal infection ,3/26/1973, RAN
fungal,20958,2021-02-08,  fungal infection   ,11/23/1986, Child Health Nurse / RAN
fungal,21172,2020-05-28, itching of skin   fungal dermatitis ,8/20/1981, RAN
fungal,205638,2021-06-09,  fungal infection   ,10/16/2009, RAN
fungal,268652,2022-07-25,  medication given  fungal infection ,7/1/1942, RAN
fungal,284347,2020-11-10,  fungal infection     carer health check completed   ,8/26/1992, Locum GP
fungal,365633,2021-09-01,  fungal infection   ,1/30/1995, Child Health Nurse / RAN
fungal,564832,2020-08-31, on examination - rash present   fungal dermatitis ,10/4/2014, RAN
fungal,711928,2020-06-22, fungal infection   fungal infection ,12/13/2015, RAN
fungal,823369,2017-11-01," fungal rash, pain and constipation    ",7/28/1982, RAN
fungal,823369,2018-07-03,"      fungal rash ,atsi health check and influenza vaccination    ",7/28/1982, GP
fungal,1308750,2020-11-04,  fungal infection   ,10/14/1997, RAN
tinea,20245,2021-03-23,    tinea   medication requested   ,8/23/2001, Locum GP
tinea,20515,2023-01-24,  tinea   ,4/4/1974, RAN
tinea,20958,2019-12-24, tinea cruris   skin infection ,11/23/1986, GP
tinea,192648,2023-01-17,  antenatal - shared care  tinea ,2/4/2009, Midwife / RAN
tinea,268652,2023-01-09,  personal administration  tinea corporis ,7/1/1942, RAN
tinea,284347,2020-11-03,  well female adult tinea corporis  ,8/26/1992, RAN
tinea,365633,2020-10-20,  eosinophilia tinea    under care of gp   ,1/30/1995, Locum GP
tinea,711928,2020-02-05, tinea   tinea  4 yrs asq trak/ eachs / imms complete    ,12/13/2015, GP Registrar
tinea,711928,2021-11-02,  iron deficiency  tinea pedis ,12/13/2015, Locum GP
tinea,830440,2021-05-04,  tinea capitis   ,3/1/2017, GP
tinea,1504852,2021-08-05,  tinea corporis     skin lesion  female pelvic organ prolapse ,9/14/1998, GP
ring worm,20040,2023-02-20,  ringworm   ,12/12/1999, RAN
ring worm,20102,2020-04-30, cough   ringworm ,8/25/1989, RAN
ring worm,20102,2020-05-15, ringworm    ,8/25/1989, RAN
ring worm,20102,2020-06-29, ringworm   ringworm ,8/25/1989, RAN
ring worm,20102,2021-06-14,  rash  ringworm ,8/25/1989, RAN
ring worm,20265,2017-06-07, ringworm    ,8/1/1972, RAN
ring worm,20304,2022-04-07,  immunisation consent given ringworm  ,6/26/2001, RAN
ring worm,20653,2019-10-01, irritable bowel syndrome     fungal infection (ringworm)    ,2/17/1996, GP
ring worm,20958,2020-02-04, ringworm    ,11/23/1986, RAN
ring worm,365633,2023-02-28,  ringworm     follow-up review of patient requested   ,1/30/1995, GP
ring worm,586449,2019-10-31, review ringworm on neck    ,12/31/2014, RAN
ring worm,711928,2020-11-12,  medication requested ringworm  ,12/13/2015, RAN
ring worm,711928,2022-01-27,  ringworm   ,12/13/2015, RAN
ring worm,738268,2021-05-06,  ringworm   ,4/26/2016, RAN
ring worm,852836,2017-09-12, ringworm    ,5/21/1970, RAN
ring worm,1120602,2020-02-17, ringworm   ringworm ,4/19/2017, RAN
ring worm,1225672,2021-04-14,  ringworm   ,4/2/2020, RAN
ring worm,1504852,2021-09-21,  ringworm  ringworm ,9/14/1998, RAN
ring worm,1972934,2022-09-21,  ringworm  ringworm ,5/16/2022, RAN
ring worm,1994933,2022-07-14,  ringworm   ,9/30/1983, RAN
lice,19582,2022-10-18,  lice infested hair   ,8/11/2000, Midwife / RAN
lice,19692,2022-08-22,  swollen calf  head sores & lice ,2/1/1970, RAN
lice,19977,2020-02-17, lice infested hair   lice infestation ,6/1/1984, RAN
lice,20202,2021-02-11,  head lice   ,3/7/1997, RAN
lice,20319,2018-09-13, head lice and iron treament    ,3/11/2006, RAN
lice,20319,2018-10-05, for iron treatment and head lice treatment    ,3/11/2006, RAN
lice,21050,2021-09-29,  lice infested hair   ,7/29/2003, RAN
lice,23176,2018-08-01," anaemia, head lice and atsi child health check    ",8/24/2007, RAN
lice,23176,2018-09-13," iron treatment, head lice and pain    ",8/24/2007, RAN
lice,23176,2018-10-05,      head lice         ,8/24/2007, RAN
lice,48388,2018-01-02, monthly la bicillin and head lice    ,1/5/2008, RAN
lice,205559,2018-03-26," head lice, for review of elevated bp and haematuria    ",1/18/2007, RAN
lice,205638,2018-01-08, education about head lice infestation (procedure)    ,10/16/2009, AHW
lice,211569,2018-03-26, anaemia/head lice/hearing deficit    ,6/1/2010, RAN
lice,211569,2020-01-23,    head lice ,6/1/2010, RAN
lice,369725,2019-04-01," red eye, scabies and head lice and nits    ",9/26/2011, RAN
lice,469059,2021-09-21,  nausea present lice infestation nausea present ,8/11/2013, RAN
lice,485211,2021-04-12,  personal administration  personal administration   medication requested head lice medication given ,8/5/2010, GP
lice,525928,2017-07-06, iron meds and lice/scabies review.    ,4/5/2014, RAN
lice,564832,2019-10-01, head lice    ,10/4/2014, RAN
lice,564832,2020-06-20, head lice   head lice ,10/4/2014, RAN
lice,590016,2020-12-15,  head lice  head lice ,1/25/2015, GP
lice,590016,2021-11-08,  lice infestation   ,1/25/2015, RAN
lice,590016,2022-07-25,  head lice   ,1/25/2015, RAN
lice,711928,2019-08-06, head lice infestation         ,12/13/2015, RAN
lice,711928,2019-11-21, anaemia treatment recommenced + head lice    ,12/13/2015, RAN
lice,711928,2021-07-12,  multiple complaints lice infestation uti - urinary tract infection ,12/13/2015, RAN
lice,737755,2018-01-12, iron treatment and head lice    ,12/6/2015, RAN
lice,737755,2022-02-16,  ear ache head lice  ,12/6/2015, AHW
lice,738268,2022-07-25,  head lice   ,4/26/2016, RAN
lice,751817,2020-06-10, pathology specimen submitted   head lice ,6/18/2016, RAN
lice,751817,2020-06-15, head lice   head lice ,6/18/2016, RAN
lice,751817,2020-06-20, head lice   head lice ,6/18/2016, RAN
lice,751817,2020-07-06, lice infested hair    ,6/18/2016, RAN
lice,932943,2021-06-01,  fly bite head lice  ,3/8/2018, RAN
lice,975325,2022-04-07,  fly bite head lice  ,5/28/2018, AHW
lice,1159526,2022-05-16,  wound lice infestation  ,8/1/2019, RAN
lice,1168128,2022-03-09,  follow-up review of patient requested head lice impetigo ,6/1/2019, Health Centre Coordinator
nit,21884,2018-08-30, headlice and nits    ,6/15/2006, RAN
nit,369725,2019-04-01," red eye, scabies and head lice and nits    ",9/26/2011, RAN
nit,564832,2020-10-20,  medication requested  medication requested   neck rotation nits lymphadenopathy ,10/4/2014, Locum GP
head lice,19592,2017-07-04, headache.    ,4/17/2003, RAN
head lice,22607,2018-09-27," headlice, iron treatment and influenza vaccination    ",5/11/2007, RAN
dermatitis,19562,2020-04-30, dermatitis    ,9/10/2004, RAN
dermatitis,19675,2021-05-11,  dermatitis   ,4/26/1966, GP
dermatitis,19675,2021-07-15,  dermatitis     medication given   ,4/26/1966, GP
dermatitis,19675,2021-07-28,  dermatitis   ,4/26/1966, Midwife / RAN
dermatitis,19949,2022-03-09,  vaccination given  dermatitis ,2/19/2002, Health Centre Coordinator
dermatitis,20882,2020-12-16,  contraception  dermatitis ,12/4/2001, RAN
dermatitis,21172,2020-05-28, itching of skin   fungal dermatitis ,8/20/1981, RAN
dermatitis,497822,2019-08-27, contact dermatitis hands         ,1/16/1960, GP Registrar
dermatitis,564832,2020-08-31, on examination - rash present   fungal dermatitis ,10/4/2014, RAN
eczema,20320,2020-08-04, medication given   venous eczema ,4/28/1992, RAN
eczema,206035,2022-10-27,  cough  eczema ,9/17/1978, RAN
eczema,1157933,2020-02-11,    lip licking eczema ,7/15/2019, GP
atopic dermatitis,19562,2020-04-30, dermatitis    ,9/10/2004, RAN
atopic dermatitis,19675,2021-05-11,  dermatitis   ,4/26/1966, GP
atopic dermatitis,19675,2021-07-15,  dermatitis     medication given   ,4/26/1966, GP
atopic dermatitis,19675,2021-07-28,  dermatitis   ,4/26/1966, Midwife / RAN
atopic dermatitis,19949,2022-03-09,  vaccination given  dermatitis ,2/19/2002, Health Centre Coordinator
atopic dermatitis,20882,2020-12-16,  contraception  dermatitis ,12/4/2001, RAN
atopic dermatitis,21172,2020-05-28, itching of skin   fungal dermatitis ,8/20/1981, RAN
atopic dermatitis,497822,2019-08-27, contact dermatitis hands         ,1/16/1960, GP Registrar
atopic dermatitis,564832,2020-08-31, on examination - rash present   fungal dermatitis ,10/4/2014, RAN
wart,20398,2020-06-08, wart   wart ,5/25/1981, RAN
wart,20398,2020-06-19, wart   wart ,5/25/1981, RAN
wart,20906,2020-09-17, plantar wart    ,3/26/1973, RAN
wart,20906,2021-01-05,  plantar callosity  plantar wart   blood investigation  blood investigation ,3/26/1973, Senior Medical Officer
wart,725415,2017-03-07, wart    ,11/2/1985, RAN
wart,932943,2020-06-16, viral warts   viral warts ,3/8/2018, RAN
molluscum,930170,2020-10-19,  molluscum contagiosum   ,2/20/2018, RAN
scabies,18522,2022-05-11,  scabies  scabies ,4/2/1964, RAN
scabies,19243,2019-10-01, scabies    ,2/6/1993, RAN
scabies,19294,2020-05-19, scabies   healthy adult ,5/31/1992, RAN
scabies,19630,2023-01-10,  skin infection scabies  ,2/16/1984, RAN
scabies,19675,2021-05-18,  wound discharge sebaceous cyst scabies ,4/26/1966, GP
scabies,19675,2021-06-11,  personal administration  scabies ,4/26/1966, RAN
scabies,19977,2020-02-04, multiple complaints   scabies       implanon    ,6/1/1984, GP
scabies,20202,2020-02-19, scabies    ,3/7/1997, Child Health Nurse / RAN
scabies,20320,2023-03-01,  headache scabies  ,4/28/1992, RAN
scabies,20398,2019-09-09, scabies    ,5/25/1981, RAN
scabies,20515,2020-11-24,       scabies   ,4/4/1974, GP
scabies,21883,2019-10-24, skiin sores and scabies     skin sores     skin sores    ,6/24/2005, GP
scabies,21883,2019-10-31, ip&c review     medications/scabies treatment    ,6/24/2005," Infection, Prevention and Control Coordinator"
scabies,23169,2022-07-18,  scabies   ,8/22/2007, RAN
scabies,49882,2017-07-03, scabies    ,5/26/1965, RAN
scabies,54711,2020-07-13, scabies    ,9/26/1998, RAN
scabies,205559,2021-07-19,  scabies   ,1/18/2007, RAN
scabies,236588,2018-09-13, scabies and boil    ,, RAN
scabies,240629,2020-04-09, hv for review l/ hand - in balgo - for r/o sutures   scabies ,10/7/2010, RAN
scabies,268652,2020-08-31, medication requested   scabies ,7/1/1942, RAN
scabies,268652,2023-03-14,  urinary tract infection     uti - urinary tract infection scabies  ,7/1/1942, GP
scabies,332387,2020-09-10, mental state   scabies ,7/19/1993, Visiting Community Mental Health Professional
scabies,369725,2019-04-01," red eye, scabies and head lice and nits    ",9/26/2011, RAN
scabies,454424,2020-02-19, scabies    ,8/12/2013, Child Health Nurse / RAN
scabies,525928,2017-07-06, iron meds and lice/scabies review.    ,4/5/2014, RAN
scabies,564832,2019-09-12, scabies    ,10/4/2014, RAN
scabies,564832,2019-10-17, scabies    ,10/4/2014, RAN
scabies,564832,2019-10-24, sores and scabies     sores    ,10/4/2014, GP
scabies,564832,2019-10-31, scabies    ,10/4/2014, RAN
scabies,564832,2020-10-19,  boil     medication given scabies  ,10/4/2014, Locum GP
scabies,637976,2017-11-07, scabies and blister on heel    ,11/14/2014, AHW
scabies,711928,2019-08-13,"      for iron treatment, scabies and atsi child health check    ",12/13/2015, GP
scabies,711928,2021-05-10,  scabies   ,12/13/2015, RAN
scabies,711928,2022-01-17,  scabies   ,12/13/2015, RAN
scabies,751817,2019-10-24, recurrent sores and scabies     anaemia    ,6/18/2016, GP
scabies,932943,2019-10-01, ear normal     feeling hot     18/12 eachs. ear r/v. rx scabies    ,3/8/2018, GP
scabies,932943,2019-12-17, scabies    ,3/8/2018, RAN
scabies,972671,2022-09-01,  scabies   ,4/29/2016, RAN
scabies,1157933,2019-08-27, ?scabies         ,7/15/2019, GP Registrar
scabies,1157933,2019-09-04, scabies infection         ,7/15/2019, Visiting Paediatrician
scabies,1157933,2019-11-03, scabies infection    ,7/15/2019, RAN
scabies,1157933,2019-11-12,      scabies infection    ,7/15/2019, GP
scabies,1157933,2020-03-03, sore on skin   scabies ,7/15/2019, RAN
scabies,1187073,2020-03-05, sore on skin   scabies ,2/26/2019, RAN
scabies,1969011,2022-10-18,  scabies   ,3/31/2022, Midwife / RAN
scabetic,18522,2022-05-11,  scabies  scabies ,4/2/1964, RAN
scabetic,19243,2019-10-01, scabies    ,2/6/1993, RAN
scabetic,19294,2020-05-19, scabies   healthy adult ,5/31/1992, RAN
scabetic,19630,2023-01-10,  skin infection scabies  ,2/16/1984, RAN
scabetic,19675,2021-05-18,  wound discharge sebaceous cyst scabies ,4/26/1966, GP
scabetic,19675,2021-06-11,  personal administration  scabies ,4/26/1966, RAN
scabetic,19977,2020-02-04, multiple complaints   scabies       implanon    ,6/1/1984, GP
scabetic,20202,2020-02-19, scabies    ,3/7/1997, Child Health Nurse / RAN
scabetic,20320,2023-03-01,  headache scabies  ,4/28/1992, RAN
scabetic,20398,2019-09-09, scabies    ,5/25/1981, RAN
scabetic,20515,2020-11-24,       scabies   ,4/4/1974, GP
scabetic,21883,2019-10-24, skiin sores and scabies     skin sores     skin sores    ,6/24/2005, GP
scabetic,21883,2019-10-31, ip&c review     medications/scabies treatment    ,6/24/2005," Infection, Prevention and Control Coordinator"
scabetic,23169,2022-07-18,  scabies   ,8/22/2007, RAN
scabetic,49882,2017-07-03, scabies    ,5/26/1965, RAN
scabetic,54711,2020-07-13, scabies    ,9/26/1998, RAN
scabetic,205559,2021-07-19,  scabies   ,1/18/2007, RAN
scabetic,236588,2018-09-13, scabies and boil    ,, RAN
scabetic,240629,2020-04-09, hv for review l/ hand - in balgo - for r/o sutures   scabies ,10/7/2010, RAN
scabetic,268652,2020-08-31, medication requested   scabies ,7/1/1942, RAN
scabetic,268652,2023-03-14,  urinary tract infection     uti - urinary tract infection scabies  ,7/1/1942, GP
scabetic,332387,2020-09-10, mental state   scabies ,7/19/1993, Visiting Community Mental Health Professional
scabetic,369725,2019-04-01," red eye, scabies and head lice and nits    ",9/26/2011, RAN
scabetic,454424,2020-02-19, scabies    ,8/12/2013, Child Health Nurse / RAN
scabetic,525928,2017-07-06, iron meds and lice/scabies review.    ,4/5/2014, RAN
scabetic,564832,2019-09-12, scabies    ,10/4/2014, RAN
scabetic,564832,2019-10-17, scabies    ,10/4/2014, RAN
scabetic,564832,2019-10-24, sores and scabies     sores    ,10/4/2014, GP
scabetic,564832,2019-10-31, scabies    ,10/4/2014, RAN
scabetic,564832,2020-10-19,  boil     medication given scabies  ,10/4/2014, Locum GP
scabetic,637976,2017-11-07, scabies and blister on heel    ,11/14/2014, AHW
scabetic,711928,2019-08-13,"      for iron treatment, scabies and atsi child health check    ",12/13/2015, GP
scabetic,711928,2021-05-10,  scabies   ,12/13/2015, RAN
scabetic,711928,2022-01-17,  scabies   ,12/13/2015, RAN
scabetic,751817,2019-10-24, recurrent sores and scabies     anaemia    ,6/18/2016, GP
scabetic,932943,2019-10-01, ear normal     feeling hot     18/12 eachs. ear r/v. rx scabies    ,3/8/2018, GP
scabetic,932943,2019-12-17, scabies    ,3/8/2018, RAN
scabetic,972671,2022-09-01,  scabies   ,4/29/2016, RAN
scabetic,1157933,2019-09-04, scabies infection         ,7/15/2019, Visiting Paediatrician
scabetic,1157933,2019-11-03, scabies infection    ,7/15/2019, RAN
scabetic,1157933,2019-11-12,      scabies infection    ,7/15/2019, GP
scabetic,1157933,2020-03-03, sore on skin   scabies ,7/15/2019, RAN
scabetic,1187073,2020-03-05, sore on skin   scabies ,2/26/2019, RAN
scabetic,1969011,2022-10-18,  scabies   ,3/31/2022, Midwife / RAN
