dressing,18669,2020-01-08,boil dressing   multiple boils
dressing,18840,2020-02-24,medication given   dressing assisted
dressing,18841,2021-08-17, dressing assisted  antenatal care provider
dressing,18856,2020-07-23,dressing dependent   
dressing,18868,2020-02-28,wound dressing   
dressing,18868,2020-03-03,wound dressing   
dressing,19043,2020-06-10,dressing   
dressing,19304,2020-02-03,implanon insertion   wound dressing
dressing,19316,2019-11-11,leg wound dressing   
dressing,19568,2020-01-27,wound dressing   dehiscence of postoperative abdominal wound
dressing,19724,2020-02-03,implanon insertion   wound dressing
dressing,19846,2020-01-02,dressing- dog bite   dog bite - wound
dressing,19924,2020-05-11,dressing   
dressing,20136,2019-11-26,dressing   rhd - priority 3
dressing,20136,2019-12-02,dressing   
dressing,20136,2019-12-23,wound dressing   
dressing,20136,2020-02-10,wound dressing   
dressing,20136,2020-03-11,dressing   carer health check completed
dressing,20136,2020-03-19,wound dressing   
dressing,20136,2020-03-23,dressing   
dressing,20136,2020-04-03,wound dressing   
dressing,20136,2022-02-17, dressing assisted  
dressing,20136,2022-04-20, wound dressing assisted 
dressing,20772,2019-11-18,dressing   
dressing,21302,2020-07-27,dressing assisted   
dressing,21302,2020-08-02,dressing assisted   
dressing,21379,2020-04-20,dressings\   
dressing,22819,2019-11-12,dressings?   
dressing,48675,2020-02-27,wound dressing & sore r) wrist   
dressing,49099,2022-02-09, vaccination given dressing assisted 
dressing,52839,2020-05-26,dressing   
dressing,52839,2020-06-09,dressing   wound infected
dressing,218399,2021-07-02, dressing in ear canal  
dressing,260449,2020-09-09,wound - in medical care   dressing assisted
dressing,312179,2020-02-05,dressing change   
dressing,328634,2020-04-14,dressing change   
dressing,457570,2019-12-31,wound dressing right foot   
dressing,559199,2020-01-17,wound dressing   
dressing,697784,2020-06-09,dressing   foot ulcer due to type 1 diabetes mellitus
dressing,773747,2019-11-15,dressing review right foot   
dressing,1086311,2020-03-05,wound dressing   lice infested hair
dressing,1185099,2019-11-12,dressing   
laceration,16007,2021-01-30, laceration  
laceration,18550,2023-03-18, laceration of foot  
laceration,18840,2020-10-07, laceration of arm  deep laceration
laceration,18840,2020-10-29, follow-up review of patient requested  laceration
laceration,18842,2021-08-16, laceration of arm  
laceration,18842,2023-03-13, laceration  
laceration,18870,2020-04-21,   laceration
laceration,18985,2020-09-02,laceration   laceration
laceration,19149,2022-01-31, scalp laceration  
laceration,19360,2021-05-27, personal administration  laceration
laceration,19456,2021-04-19, laceration of lip  
laceration,19570,2019-11-10,head laceration   
laceration,19771,2017-10-23,laceration to (l) eyebrow   
laceration,19918,2023-02-21, laceration of calf  
laceration,19983,2021-01-29, laceration  
laceration,20017,2022-04-26, laceration  
laceration,20088,2021-08-01, laceration  laceration of right knee
laceration,20136,2021-08-11, laceration  
laceration,20136,2022-11-03, laceration  
laceration,20244,2022-12-20, laceration of calf  
laceration,20257,2020-09-09,laceration of foot   infected wound
laceration,20257,2021-01-30, laceration  
laceration,20279,2022-10-05, laceration of lip vaginal discharge 
laceration,20482,2020-11-01, laceration  
laceration,20690,2020-07-29,pathology specimen submitted   laceration
laceration,20771,2021-01-30, laceration  
laceration,20872,2021-01-10, infection laceration 
laceration,20954,2020-08-02,laceration   
laceration,20955,2022-12-24, laceration  
laceration,21045,2022-12-10, laceration  
laceration,21045,2023-01-10, scalp laceration  scalp laceration
laceration,21050,2021-01-30, laceration  
laceration,21102,2022-03-03, superficial laceration of face  
laceration,21106,2021-05-15, assault by person scalp laceration 
laceration,21175,2019-09-19,laceration   
laceration,21219,2020-07-25,laceration   
laceration,21315,2021-06-11, laceration of finger  at risk of infection
laceration,21686,2020-02-21,laceration   laceration
laceration,22072,2021-01-30, laceration  
laceration,22080,2020-12-05, laceration  
laceration,22080,2021-03-29, laceration  laceration
laceration,22305,2021-01-30, laceration  
laceration,22935,2021-01-30, laceration  
laceration,22953,2021-01-30, laceration  
laceration,22954,2021-01-30, laceration  
laceration,23278,2020-05-27,cut of palm of hand   laceration
laceration,23278,2022-10-29, scalp laceration  
laceration,48388,2021-01-30, laceration  
laceration,48675,2020-12-24, laceration  
laceration,48675,2021-04-14, laceration  
laceration,48723,2021-01-30, laceration  
laceration,48794,2021-01-30, laceration  
laceration,156452,2020-02-29,laceration of finger   
laceration,156661,2023-02-02, laceration of arm  impetigo
laceration,188223,2020-09-10,laceration of head   laceration of head
laceration,205564,2021-01-30, laceration  
laceration,209986,2021-01-30, laceration  
laceration,236696,2021-01-30, laceration  
laceration,240629,2019-11-10,small laceration to back of head left   
laceration,243332,2021-01-30, laceration  
laceration,255535,2019-10-28,finger laceration   
laceration,255541,2019-12-01,laceration   
laceration,255951,2018-02-06,laceration   
laceration,270287,2020-03-16,laceration   laceration
laceration,271877,2019-10-25,head laceration   
laceration,279287,2021-01-30, laceration  
laceration,312179,2021-02-01, laceration  gout
laceration,412939,2022-04-14, laceration  
laceration,457570,2019-12-29,laceration over dorsum of right foot   
laceration,457596,2022-04-10, laceration of leg  
laceration,534251,2021-01-19, superficial laceration of foot  
laceration,599953,2021-01-30, laceration  
laceration,686170,2019-11-09,laceration   
laceration,797137,2020-05-28,laceration   laceration
laceration,808093,2021-06-01, laceration of foot  
laceration,844562,2021-01-30, laceration  
laceration,852657,2020-12-10, laceration of leg  
laceration,1069158,2022-01-07, laceration of head  
laceration,1087402,2021-01-30, laceration  
laceration,1119740,2019-10-12,laceration   
laceration,1128047,2021-01-22, deep laceration of foot  deep laceration of foot
laceration,1128047,2021-02-05, laceration of foot  
laceration,1160366,2021-01-30, laceration  
laceration,1163149,2022-01-07, laceration of palm of hand  
laceration,1185534,2019-11-13,laceration right foot   
laceration,1203203,2021-12-02, deep laceration of finger  deep laceration of finger
laceration,1323031,2021-01-30, laceration  
laceration,1324921,2021-01-17, laceration of head  minor head injury
laceration,1326843,2021-02-05, laceration of finger  
cut,18868,2021-01-09, cut  
cut,19092,2021-09-17, unable to cut nails  medication requested
cut,21193,2019-12-30,swollen 4 digit left hand.   cut finger
cut,23278,2020-05-27,cut of palm of hand   laceration
cut,52861,2023-02-06, cut  
cut,223387,2021-03-08, cut  infected wound
cut,255299,2020-07-28,   mucocutaneous ulcer
cut,457596,2020-01-17,cut to l) 5th toe   
wound,18092,2021-12-21, wound  
wound,18435,2022-10-23, stab wound  
wound,18467,2020-09-21,wound   
wound,18540,2023-03-10, wound  
wound,18669,2020-01-13,wound r/v   urticaria
wound,18805,2021-03-22, wound finding  cholecystectomy
wound,18808,2020-08-14,   infected wound
wound,18808,2021-06-08, wound dirty  wound infected
wound,18812,2020-10-13, wound medication given 
wound,18816,2020-11-23, wound  chronic leg ulcers
wound,18839,2020-07-07,wound   
wound,18840,2021-07-27, open wound of foot  
wound,18841,2023-01-31, wound infection  
wound,18842,2021-01-27, wound - in medical care  
wound,18842,2021-08-19, follow-up review of patient requested wound 
wound,18842,2021-12-16, wound  
wound,18842,2022-01-08, dog bite - wound pain 
wound,18842,2022-03-31, pre-existing diabetes mellitus in pregnancy wound 
wound,18842,2022-05-16, wound  
wound,18842,2022-10-04, wound discharge  
wound,18846,2020-06-22,   wound infected
wound,18847,2021-04-23, wound pathology specimen submitted 
wound,18861,2020-10-23, wound injection given diabetes
wound,18861,2021-03-23, medication requested  wound infected
wound,18861,2021-11-09, vaccination given wound infected infected wound
wound,18861,2021-12-23, wound  
wound,18861,2021-12-31, medication given wound dirty 
wound,18861,2022-05-11, wound medication given ankle injury
wound,18868,2020-02-20,wound   
wound,18868,2020-02-24,wound l) shin   
wound,18868,2020-02-28,wound dressing   
wound,18868,2020-03-03,wound dressing   
wound,18868,2020-11-02, wound  
wound,18868,2020-12-02, puncture wound of right foot  
wound,18868,2020-12-23, infected wound  wound infection
wound,18868,2021-03-12, educated about wound care  dog bite
wound,18868,2021-07-02, wound  
wound,18868,2021-07-27, wound  
wound,18868,2021-08-02, wound  
wound,18868,2021-10-09, wound  
wound,18868,2021-12-23, wound  
wound,18868,2022-09-05, wound dirty weight finding 
wound,18868,2022-10-06, puncture wound clinical management plan agreed 
wound,18872,2022-07-25, wound healed wound healed 
wound,18985,2020-09-03,wound finding   
wound,19005,2021-03-08, wound wound 
wound,19043,2020-06-08,   infected wound
wound,19138,2021-03-25, wound abscess  
wound,19142,2021-03-08, wound  vitamin d deficiency
wound,19163,2021-09-11, wound infected  
wound,19304,2020-02-03,implanon insertion   wound dressing
wound,19304,2022-12-05, toothache wound 
wound,19316,2019-11-04,leg wound   
wound,19316,2019-11-11,leg wound dressing   
wound,19343,2020-03-08,puncture wound l) foot   
wound,19343,2020-06-18,injury   infected wound
wound,19343,2020-06-24,wound infected   
wound,19343,2020-09-16,   wound infected
wound,19343,2020-10-14, open wound of lower leg impetigo infected wound
wound,19343,2020-10-22, wound infection  
wound,19343,2020-11-02, hives vomiting o/e - wound infected
wound,19412,2023-02-14, stab wound  chest infection
wound,19433,2020-02-10,wound sores   
wound,19433,2021-08-17, wound breakdown pathology specimen submitted cellulitis
wound,19435,2020-07-30,suspected covid-19   wound
wound,19488,2023-01-06, wound  
wound,19494,2020-09-07,localised rash   perineal wound dehiscence
wound,19552,2019-11-11,foot wound   
wound,19568,2020-01-27,wound dressing   dehiscence of postoperative abdominal wound
wound,19724,2020-01-31,implanon insertion site check   wound management
wound,19738,2020-12-09, infected wound  
wound,19846,2020-01-02,dressing- dog bite   dog bite - wound
wound,19846,2022-01-07, open wound of thigh  
wound,19862,2020-02-17,wound   wound
wound,19862,2021-02-02, wound  
wound,19918,2021-10-28, wound  
wound,20017,2020-08-13,wound   wound
wound,20017,2020-08-19,wound   wound
wound,20017,2021-11-03, wound  
wound,20017,2022-04-28, wound  
wound,20038,2020-03-10,pt in halls creek   wound finding
wound,20038,2021-02-25, toothache wound infected wound infected
wound,20088,2021-08-03, wound  
wound,20088,2023-01-10, snake bite - wound inr raised snake bite
wound,20136,2019-12-09,wound management   
wound,20136,2019-12-20,wound management   
wound,20136,2020-02-10,wound dressing   
wound,20136,2020-02-24,wound review   
wound,20136,2020-02-28,wound review   
wound,20136,2020-03-03,chronic wound ulcer   
wound,20136,2020-03-09,wound review   
wound,20136,2020-03-19,wound dressing   
wound,20136,2020-04-03,wound dressing   
wound,20136,2020-10-22, medication requested wound 
wound,20136,2021-03-23, wound finding  
wound,20136,2021-06-10, toothache back pain infected wound
wound,20136,2021-07-20, wound  
wound,20136,2021-11-22, wound  
wound,20136,2021-12-02, wound  medication given
wound,20136,2022-01-02, decubitus ulcer infected wound 
wound,20136,2022-04-20, wound dressing assisted 
wound,20136,2022-12-06, wound  
wound,20136,2023-01-12, wound  
wound,20178,2020-06-12,   wound
wound,20257,2020-09-09,laceration of foot   infected wound
wound,20270,2021-06-08, wound  wound
wound,20291,2020-10-20, wound  
wound,20291,2023-01-09, wound thyroid colloid nodule otitis media
wound,20348,2022-09-29, wound  wound
wound,20432,2020-02-11,daa   wound infection
wound,20482,2021-12-09, wound  recurrent uti - urinary tract infection
wound,20482,2022-01-17, wound - in medical care  wound infection
wound,20493,2020-06-12,medication given   wound
wound,20515,2020-04-02,admin ecg   wound
wound,20515,2021-01-25, wound dirty  
wound,20515,2021-12-23, wound  
wound,20545,2021-06-17, wound  
wound,20609,2021-03-02, nail wound of lower leg schizophrenia infected wound
wound,20609,2021-03-10,  wound infected 
wound,20690,2020-10-15, wound  scabies
wound,20713,2023-01-29, wound  
wound,20724,2021-02-19, dog bite - wound  
wound,20724,2021-02-23, wound finding pathology specimen submitted 
wound,20724,2022-12-12, pathology specimen submitted  infected wound
wound,20772,2022-10-07, infected wound pain cellulitis of ankle
wound,20872,2020-12-31, wound  wound
wound,20872,2021-01-11, injection given immunisation due wound infected
wound,20872,2021-03-24, infected wound dry eyes 
wound,20872,2021-03-29, wound  
wound,20872,2021-06-28, wound  
wound,20872,2021-08-27, infected wound  
wound,20900,2020-05-07,physician/pathology/wound review   
wound,20900,2020-12-15, nail wound of foot ear discharge csom - chronic suppurative otitis media
wound,20900,2021-01-04, wound infected  mastoiditis
wound,20954,2020-08-04,wound   wound
wound,20955,2021-02-01, wound dirty  
wound,20955,2023-01-06, wound  
wound,20955,2023-01-11, wound  
wound,20955,2023-02-02, wound  
wound,21038,2020-08-05,wound   wound
wound,21045,2021-05-05, wound  
wound,21059,2021-11-22, wound  pregnancy
wound,21089,2020-06-10,painful foot   wound infected
wound,21089,2020-06-17,   wound infected
wound,21089,2023-01-17, wound  
wound,21102,2022-03-05, wound breakdown  
wound,21102,2022-03-09, wound  
wound,21106,2020-06-08,open wound of scalp   scalp injury
wound,21106,2021-01-18, wound  
wound,21106,2021-05-18, follow-up review of patient requested  wound
wound,21106,2021-05-26, wound healed  
wound,21175,2020-01-10,"foot wound, pathology   "
wound,21175,2021-11-16, wound  
wound,21216,2020-02-22,injury   wound
wound,21219,2020-07-25,head - open wound   
wound,21286,2022-03-09, wound  
wound,21288,2021-07-22, wound  
wound,21302,2020-07-31,wound   
wound,21302,2020-08-10,wound infected   
wound,21350,2023-03-20, wound  
wound,21487,2020-02-01,scalp wound   scalp wound
wound,21682,2022-01-20, impetigo wound dirty 
wound,22072,2020-11-25, open wound of left elbow  
wound,22080,2021-03-29, head - open wound  infected wound
wound,22080,2021-04-26, wound  
wound,22080,2021-05-10, wound  
wound,22080,2021-05-21, wound  
wound,22080,2022-10-21, wound healed  
wound,22100,2022-12-22, wound  
wound,22819,2019-11-14,wound infection   
wound,22848,2022-08-01, wound  
wound,27042,2022-11-10, wound  
wound,42183,2021-03-02, wound chronic paranoid schizophrenia 
wound,42183,2021-03-10, personal administration  wound
wound,48095,2022-02-21, vaccination given wound finding 
wound,48169,2021-01-13, red eye wound infected kimberley - rhd (priority 2) - moderate rhd
wound,48313,2023-01-29, wound  
wound,48675,2020-02-18,minor open wound   well male child
wound,48675,2020-02-24,wound sores   soft tissue injury
wound,48675,2020-12-04, wound finding  
wound,48675,2020-12-09, infected wound  
wound,48675,2020-12-16, educated about wound care  
wound,48675,2021-05-27, wound  skin infection
wound,48675,2021-10-01, wound  covid-19 vaccination - comirnaty (pfizer)
wound,48708,2023-02-02, rheumatic heart disease  infected wound
wound,49025,2020-11-03, scabies burn wound infection
wound,49025,2021-11-03, wound  
wound,49099,2021-07-19, personal administration  wound abscess
wound,49125,2020-02-25,wound   wound
wound,49125,2023-01-09, dog bite infection foot dog bite - wound
wound,49125,2023-01-23, wound  
wound,49249,2020-10-14, wound  
wound,49249,2020-11-26, wound finding  schizophreniform disorder
wound,49519,2023-02-24, wound  
wound,50387,2023-01-31, wound  
wound,50524,2021-05-11," open wound, finger  "
wound,51269,2021-08-17, healthy adult wound 
wound,52839,2020-04-14,dehiscence of laparotomy wound   dehiscence of laparotomy wound
wound,52839,2020-04-19,dehiscence of laparotomy wound   dehiscence of laparotomy wound
wound,52839,2020-04-23,dehiscence of laparotomy wound   dehiscence of laparotomy wound
wound,52839,2020-04-30,wound infected   
wound,52839,2020-05-05,wound review   
wound,52839,2020-05-11,wound management   
wound,52839,2020-06-06,   wound infected
wound,52839,2020-06-15,   wound infected
wound,52839,2020-08-12,   postoperative wound infection
wound,52839,2020-12-29, wound infected  
wound,52839,2021-01-04, wound infected  
wound,52861,2021-02-01, wound dirty  
wound,52861,2021-05-14, hepatitis b non-immune  wound
wound,52861,2021-05-18, dysuria wound 
wound,52861,2021-08-12, wound abscess wound abscess infection
wound,53919,2023-01-31, wound  
wound,54711,2021-09-07, wound abscess  vaccination given
wound,156471,2023-03-27, infected wound  immunoglobulins abnormal
wound,156473,2020-12-30, stab wound of foot  infected wound
wound,156661,2020-03-10,wound review   
wound,156661,2021-07-12, medication given open wound of foot hyperglycemia
wound,156934,2020-10-27, wound  
wound,156934,2021-11-09, wound  
wound,193118,2021-10-04, wound  
wound,205425,2021-01-29, multiple open wounds of foot  
wound,205443,2022-08-30, medication given wound 
wound,205580,2023-01-29, wound  
wound,205602,2020-08-31,wound infected   
wound,205986,2021-01-11, wound infected  
wound,205986,2021-05-21, wound finding  
wound,205986,2021-05-28, wound wound 
wound,205986,2022-08-08, wound  
wound,206035,2021-01-25, wound dirty  
wound,210600,2023-01-29, wound  
wound,214878,2020-08-26,burn   wound infection
wound,218127,2020-08-18,multiple open wounds of lower leg   
wound,218127,2021-04-08," sensation of blocked ear  open wound, finger"
wound,218127,2023-01-29, wound  
wound,222962,2020-02-25,   infected wound
wound,223387,2021-03-08, cut  infected wound
wound,227747,2020-07-07,heel pain   wound infected
wound,228283,2021-01-28, wound dirty  
wound,233493,2020-02-18,wound   wound
wound,238605,2021-01-24, wound dirty  
wound,238636,2020-10-17, wound  
wound,238636,2022-05-12, wound  
wound,238636,2022-06-25, animal bite wound  
wound,238636,2022-07-18, wound finding  
wound,238857,2020-02-25,puncture wound   trachoma
wound,238857,2020-05-01,admin - foot wound   
wound,242904,2020-11-25, healthy adult wound infected 
wound,242904,2023-04-11, muscle soreness wound muscle soreness
wound,242926,2022-12-12, wound - in medical care sore throat symptom 
wound,243209,2020-12-04, personal administration wound diabetes
wound,243209,2022-05-23, wound  
wound,243209,2022-05-30, wound random blood sugar raised 
wound,243209,2022-06-07, wound healthy adult 
wound,243209,2022-06-13, wound  
wound,255535,2021-04-27, wound  
wound,255535,2021-05-11, wound  
wound,255535,2021-11-01, wound  
wound,255535,2021-11-16, medication given  wound
wound,255535,2021-12-01, stab wound  wound infection
wound,255535,2022-06-24, wound  rhd polyarthritis
wound,255541,2021-11-08, wound  burn
wound,255541,2021-11-15, wound  
wound,255970,2022-09-12, wound  wound
wound,256192,2020-08-17,multiple open wounds without complication   
wound,260449,2020-02-24,wound   wound
wound,260449,2020-02-28,multiple wound sores   
wound,260449,2020-09-08,sores   infected wound
wound,260449,2020-10-10, boil  wound abscess
wound,260449,2021-03-31, wound infected  infection
wound,260449,2022-08-25, immunization due wound breakdown diarrhoea
wound,260449,2022-09-02, wound  
wound,261568,2020-11-23, wound finding  dog bite
wound,264771,2021-11-26, infected wound  
wound,269423,2021-02-10, wound  
wound,270287,2020-03-31,infected wound   infected wound
wound,270287,2021-12-22, open wound of left ankle  
wound,270287,2022-01-02, wound infected  infection
wound,270287,2022-01-24, wound  
wound,270287,2022-12-25, wound  
wound,270287,2022-12-29, wound  
wound,271877,2020-08-10,wound infected   extensive post-operative wound cellulitis
wound,271877,2021-03-11, wound  wound
wound,271877,2021-03-19, wound  wound infected
wound,271877,2021-05-21, dog bite - wound  
wound,271877,2021-05-28, dog bite - wound  wound infected
wound,273585,2021-05-10, wound  fever
wound,277449,2020-09-30, wound infected  
wound,277449,2022-08-23, wound  
wound,284347,2022-08-08, post-traumatic wound infection  blocked by own negative thoughts & feelings from establishing independence
wound,312179,2020-02-20,wound   healthy adult
wound,312179,2020-08-31,wound infected   wound infected
wound,312179,2020-09-09,wound   wound - in medical care
wound,312179,2021-04-22, wound infected  
wound,312179,2022-02-01, wound finding  
wound,312179,2022-05-23, wound impetigo 
wound,312179,2022-05-30, wound breakdown  
wound,324803,2020-08-20,under care of podiatrist   wound
wound,324803,2020-09-14,medication given   surgical wound finding
wound,358301,2020-11-24, wound  
wound,368246,2019-12-12,wound sore   
wound,407549,2020-02-24,wound sores   
wound,407549,2020-02-28,wound management   
wound,407549,2020-11-12, infected wound  
wound,407549,2020-11-18, wound infection  
wound,411063,2021-06-10, pregnancy wound iron deficiency anaemia of pregnancy
wound,457570,2019-12-31,wound dressing right foot   
wound,457596,2021-05-31, wound  
wound,457596,2023-01-29, wound  
wound,467520,2022-10-07, infected wound  
wound,474507,2020-03-03,scalp:wound sores   
wound,474507,2021-03-24, wound wound 
wound,478521,2019-10-15,wound care assessment (procedure)   
wound,483070,2022-01-11, wound abscess  respects others
wound,517382,2019-12-12,wound sore   
wound,522171,2020-09-07,infected wound   wound infected
wound,522171,2022-05-23, wound impetigo 
wound,522171,2022-12-29, wound  
wound,522171,2023-01-05, wound  
wound,522171,2023-01-09, wound thyroid colloid nodule otitis media
wound,522171,2023-01-13, wound  
wound,534251,2020-06-15,infected abrasion   infected wound
wound,534251,2020-06-22,   wound infected
wound,534251,2020-08-26,wound   wound infected
wound,559199,2020-01-17,wound dressing   
wound,560630,2023-01-29, wound  
wound,566552,2020-11-23, dog bite - wound  
wound,566552,2021-09-06, wound  oedema
wound,566552,2021-11-30, wound  
wound,566552,2023-01-29, wound  
wound,576011,2020-06-30,vaccination given   wound
wound,580146,2022-01-13, wound infection  
wound,634730,2020-02-17,wound   wound
wound,634730,2023-02-13, wound  
wound,635282,2020-06-23,   puncture wound of foot
wound,682726,2020-02-28,wound sores.   
wound,682726,2020-08-24,boil of buttock   wound infection
wound,682726,2020-09-02,wound infected   
wound,682726,2022-03-25, wound infection  
wound,721305,2023-02-26, spider bite wound  
wound,729047,2023-01-29, wound  
wound,734095,2022-04-06, wound  wound
wound,738268,2021-07-29, wound  
wound,738268,2021-08-24, wound breakdown  diabetes mellitus
wound,773747,2019-11-13,foot wound   
wound,784646,2020-06-19,wound   wound
wound,797137,2020-08-07,sore on skin   wound
wound,797137,2020-09-09,wound infected   
wound,797137,2021-09-08, educated about wound care  wound
wound,797137,2021-10-22, wound  
wound,797137,2022-07-28, wound  
wound,797137,2022-09-19, wound  
wound,797137,2023-01-25, wound  
wound,797137,2023-01-30, wound  
wound,808093,2020-06-22,   wound dirty
wound,808093,2023-02-11, wound  
wound,815200,2020-03-03,wound sores   scabies
wound,815200,2020-03-09,wound sores   newborn
wound,859481,2022-08-17, sexually transmissible disease wound infected 
wound,907555,2021-01-21, wound dirty  
wound,910892,2019-12-09,wound management & oral fe administration   
wound,910892,2022-01-25, wound infected  
wound,931076,2020-11-25,  wound infected 
wound,950607,2022-06-11, open wound  
wound,950607,2022-06-17, wound  
wound,950607,2022-06-23, wound  
wound,950625,2021-03-23, pathology specimen submitted wound infected 
wound,950625,2021-05-10, wound infected  venous ulcer
wound,950625,2021-08-16, wound  
wound,955317,2019-12-12,wound sore   
wound,957789,2021-10-01, wound  
wound,957789,2021-10-06, wound  
wound,957789,2023-02-12, puncture wound  
wound,975325,2022-01-13, wound infection  
wound,1055640,2020-09-16,wound   
wound,1055640,2021-06-14, wound infected  aom - acute otitis media
wound,1075802,2019-11-14,wound abdomen   
wound,1080090,2020-12-02, wound infected  
wound,1086306,2023-02-16, wound  
wound,1086306,2023-03-20, wound  
wound,1086311,2020-02-24,wound   wound
wound,1086311,2020-03-05,wound dressing   lice infested hair
wound,1092439,2021-05-10, skin lesion pain wound infected
wound,1092439,2021-06-08, wound infected fever impetigo
wound,1092439,2021-12-09, wound  impetigo
wound,1102683,2020-02-19,wound   wound
wound,1128047,2021-01-24, wound  wound healing well
wound,1150578,2020-09-29, wound  
wound,1159498,2020-06-22,anaemia   wound infected
wound,1201549,2021-02-01, wound  
wound,1203185,2021-08-16, influenza vaccination given wound breakdown 
wound,1203203,2020-05-27,scabies   wound
wound,1203203,2021-12-29, finger injury  wound healed
wound,1204107,2022-11-05, wound  
wound,1204107,2023-01-17, wound  
wound,1237589,2022-05-09, wound  
wound,1243789,2021-06-21, wound wound 
wound,1243792,2021-09-09, wound diarrhea medication side-effect
wound,1262514,2020-08-10,wound   wound
wound,1294028,2020-09-25, wound diabetic foot wound - in medical care
wound,1294028,2021-01-27, wound  
wound,1294028,2021-03-05, wound diabetes bronchiolitis
wound,1298622,2022-06-13, wound breakdown  
wound,1311102,2020-11-21, wound finding  wound healing well
wound,1311102,2020-11-25,  wound infected 
wound,1321403,2021-06-10, wound infected  
wound,1350999,2023-01-29, wound  
wound,1447060,2021-05-05, wound  
wound,1449076,2021-05-14, wound  otitis externa
wound,1449076,2021-06-10, wound  
wound,1462131,2021-11-22, wound  
wound,1522323,2022-09-22, wound  tinea capitis
wound,1544320,2023-02-23, vaccination given wound infection 
wound,1656800,2022-07-07, wound  
wound,1700338,2021-11-11, wound infected  
wound,1700338,2021-11-15, wound  
wound,1731006,2022-01-13, wound  
wound,1732555,2022-01-13, wound pain 
wound,1774328,2023-02-23, wound  
wound,1774386,2022-10-27, cat bite - wound  
wound,2082906,2022-12-08, wound care  
wound,2103152,2023-01-16, wound  
wound,2127527,2023-01-29, wound  
wound,2127529,2023-01-29, wound  
wound,2127533,2023-01-29, wound  
wound,2127536,2023-01-29, wound  
wound,2127538,2023-01-29, wound  
wound,2127541,2023-01-29, wound  
wound,2127544,2023-01-29, wound  
wound,2127546,2023-01-29, wound  
wound,2177910,2023-04-14, stab wound  
bite,11099,2022-03-25, insect bite  
bite,18842,2022-01-08, dog bite - wound pain 
bite,18868,2019-11-16,dog bite   
bite,18868,2021-03-09, dog bite  
bite,19304,2022-03-25, insect bite  
bite,19488,2020-03-10,bites   
bite,19488,2020-03-18,insect bite   insect bite
bite,19704,2020-04-07,dog bite   
bite,19846,2019-12-30,dog bite   
bite,20087,2019-10-28,dog bite   
bite,20088,2023-01-10, snake bite - wound inr raised snake bite
bite,20270,2020-04-06,itching skin   mosquito bites
bite,20367,2021-02-26, eye swelling  fly bite
bite,20609,2020-07-01,dog bite   
bite,20724,2021-02-19, dog bite - wound  
bite,20724,2023-01-09, dog bite  
bite,20772,2020-04-02,scorpion bite   
bite,20944,2020-05-09,insect bite   
bite,20944,2023-03-30, bite  
bite,22788,2022-07-21, abdominal pain  dog bite of ankle
bite,49025,2021-05-07, venomous snake bite  
bite,49125,2023-01-09, dog bite infection foot dog bite - wound
bite,49462,2020-03-29,flybite   flybite to eye
bite,156452,2023-01-21, dog bite  
bite,197338,2023-02-10, foot pain  snake bite
bite,205442,2019-11-22,dog bite   
bite,205986,2021-04-27, medication given  insect bite
bite,210600,2020-06-17,dog bite   dog bite
bite,223424,2023-01-03, dog bite  
bite,238636,2020-06-04,dog bite   o/e-vaginal speculum exam. nad
bite,238636,2022-06-25, animal bite wound  
bite,238636,2022-08-03, dog bite medication given 
bite,238636,2022-09-15, dog bite  dog bite
bite,261568,2020-11-22, dog bite  
bite,271877,2020-08-14,dog bite   dog bite
bite,271877,2021-05-21, dog bite - wound  
bite,271877,2021-05-28, dog bite - wound  wound infected
bite,457596,2020-01-10,fly bite r) eye   
bite,457596,2020-03-15,sore eye   fly bite
bite,504884,2020-03-10,swollen r) lower eye lid   fly bite
bite,507650,2021-11-14, insect bite pain insect bite
bite,559199,2020-01-20,fly bite to eye   
bite,566552,2020-11-23, dog bite - wound  
bite,721305,2023-02-26, spider bite wound  
bite,736669,2020-04-14,sore eye fly bite   
bite,829073,2019-10-29,human bite mark   
bite,861497,2020-03-10,bites   
bite,861497,2020-03-18,insect bite   rhd (priority 2)
bite,910892,2020-03-12,skin sores   mosquito bites
bite,1049060,2020-02-17,eye lump   fly bite
bite,1049060,2020-04-16,fly bite   
bite,1201549,2020-03-13,red skin   insect bite
bite,1243789,2021-09-06, insect bite  
bite,1294028,2023-01-21, fly bite  
bite,1298715,2021-12-07, dog bite  
bite,1321403,2022-11-30, fly bite  
bite,1327688,2021-02-01, sore on skin dog bite of calf 
bite,1328622,2021-02-04, dog bite  
bite,1331475,2021-02-16, dog bite  
bite,1727359,2023-01-11, mosquito bite  
bite,1727679,2022-10-27, cat bite  
bite,1774386,2022-10-27, cat bite - wound  
boil,18477,2022-01-17, personal administration  boil
boil,18669,2020-01-08,boil dressing   multiple boils
boil,18678,2020-02-12,   multiple boils
boil,18839,2020-06-16,boil of back   boil of back
boil,18841,2023-01-23, boil  
boil,18841,2023-03-22, boils of multiple sites  
boil,18856,2020-02-11,daa   boil
boil,18856,2022-04-27, boil  
boil,19066,2019-11-13,boils   
boil,19092,2020-08-24,boil   
boil,19138,2020-12-07, injection given multiple boils multiple boils
boil,19154,2022-02-08, multiple boils  
boil,19159,2022-02-15, boil  
boil,19163,2022-04-04, multiple boils  
boil,19304,2022-10-27, well adult  boil
boil,19478,2021-02-05, boil of foot  
boil,19491,2022-02-03, boil  
boil,19568,2022-03-03, boil  
boil,19766,2019-11-22,boil to l) under forearm   
boil,19811,2021-03-03, medication requested boil uti - urinary tract infection
boil,20136,2022-05-26, vaccination given vaccination given boil of back
boil,20248,2022-06-16, boil  
boil,20279,2021-07-13, multiple boils  
boil,20291,2021-04-09, boils of multiple sites  folliculitis
boil,20398,2023-01-18, boil  
boil,20482,2020-12-03, injection given  boil of buttock
boil,20490,2020-12-10, under care of contact tracing nurse multiple boils 
boil,20515,2021-02-01, boil  eskd
boil,20515,2023-02-17, diabetes  boil
boil,20724,2021-11-09, multiple boils  
boil,20872,2020-12-29, boil  
boil,20900,2019-12-02,diabetes   boil
boil,20975,2022-03-15, multiple boils  
boil,21193,2020-02-27,boil   sore on skin
boil,21193,2021-06-08, boil of elbow  
boil,21302,2023-03-30, boil  
boil,21302,2023-04-03, boil  
boil,21682,2022-02-28, boil  
boil,21960,2021-06-03, boil of eyelid medication given 
boil,22078,2021-08-23, multiple boils  
boil,22788,2022-03-20, boil of ear  
boil,22860,2021-08-18, skin breakdown boil 
boil,23138,2019-09-20,boils   
boil,48169,2022-01-25, boil injection given 
boil,48714,2021-02-02, multiple boils  
boil,49099,2021-07-13, boil of elbow  
boil,51269,2021-08-10, boils of multiple sites  
boil,51269,2021-08-16, boils of multiple sites  
boil,156452,2021-12-24, boil  
boil,156452,2021-12-30, vaccination given boil 
boil,156473,2023-01-19, boil  
boil,156934,2021-11-27, boil  
boil,188111,2022-02-16, boil of breast  
boil,205568,2022-02-03, boil  
boil,210600,2019-09-27,boil   
boil,210600,2021-08-23, multiple boils  
boil,222962,2020-09-29, boils of multiple sites  
boil,238636,2021-06-30, medication given boil antenatal care: not attended
boil,239500,2022-08-07, skin abscess  boils of multiple sites
boil,242904,2020-11-16, multiple boils  
boil,255535,2020-12-01, medication requested boil boil
boil,255535,2022-06-20, boil of breast  
boil,255951,2022-03-25, boil  
boil,257173,2021-02-06, boil of foot  
boil,260449,2020-10-09, boil pain fever
boil,260449,2021-07-16, boil  
boil,260449,2021-08-05, boil  
boil,260449,2021-09-03, multiple boils chest pain 
boil,270287,2021-04-09, boil  
boil,270287,2021-05-12, weakness  boil
boil,271877,2021-09-17, multiple boils  otitis externa
boil,271877,2022-04-08, boil  
boil,273585,2021-04-16, boil swollen knee 
boil,277449,2020-09-21,boil   boil
boil,277449,2021-09-03, boil ringworm 
boil,277449,2022-03-17, boil  
boil,304248,2019-12-16,boils over inner right thigh   
boil,350035,2022-02-16, boil  
boil,358301,2020-12-31, boil of elbow otitis media 
boil,415030,2021-01-22, boil of buttock  
boil,464103,2021-06-01, csom - chronic suppurative otitis media boil of buttock 
boil,474507,2022-05-17, boil  
boil,483070,2022-10-13, multiple boils fever 
boil,534251,2020-12-06, boil  
boil,534251,2020-12-21, recurring skin boils  
boil,534251,2021-11-15, personal administration  recurring skin boils
boil,559199,2020-01-15,boil r) buttock   
boil,566552,2020-11-12, boil  
boil,566552,2021-08-23, multiple boils  
boil,580146,2020-08-20,boil   paronychia
boil,580146,2023-03-23, boil of foot  
boil,618447,2022-09-05, boil  
boil,634730,2023-03-29, gout infection by strongyloides burst boil
boil,682726,2017-01-04,boil (l) lateral thigh   
boil,682726,2019-05-13,"boil/abscess, fever   "
boil,682726,2020-08-24,boil of buttock   wound infection
boil,682726,2020-09-01,boil   
boil,682726,2020-11-04, boil lice infested hair 
boil,747256,2019-12-04,school health assessment / 715 commenced   boil and headlice
boil,763405,2020-10-08, boil of buttock  
boil,763405,2021-08-23, multiple boils  
boil,777068,2020-11-30, multiple boils fracture of ulna 
boil,784646,2021-02-08, boil of foot  
boil,797137,2020-10-26, abdominal pain boil lymphadenopathy
boil,797137,2021-09-07, sore on skin  multiple boils
boil,808093,2020-05-04,boil   medication given
boil,815200,2020-04-07,   boil
boil,818287,2019-10-10,boil   
boil,818287,2020-04-20,boil   
boil,853692,2020-02-11,boil of knee   furuncle of knee
boil,931076,2020-11-19, multiple boils  
boil,957789,2022-04-08, boil  
boil,1021455,2019-11-25,boil   follow up
boil,1021455,2020-07-24,boil   
boil,1055640,2020-06-22,   boil of foot
boil,1092439,2021-01-07, impetigo multiple boils infection of skin
boil,1092439,2021-01-13, boil  
boil,1092439,2023-03-27, boil of foot  
boil,1114821,2021-07-16, multiple boils  
boil,1114821,2022-06-24, boils of multiple sites  
boil,1185098,2019-11-12,boil   
boil,1203185,2020-11-16, fever multiple boils 
boil,1203185,2020-12-14, boil ringworm 
boil,1203203,2022-06-02, boil  
boil,1203203,2022-06-07, boil  
boil,1243792,2021-07-11, multiple boils infection by candida albicans multiple boils
boil,1243792,2021-08-16, boil  
boil,1321403,2023-03-29, boil  
boil,1328775,2021-02-05, boil of buttock  abrasion
boil,1731006,2022-01-17, referral made  boil of buttock
abscess,18595,2023-03-31, toothache  dental abscess
abscess,18805,2021-12-29, skin abscess pain 
abscess,18812,2020-10-09, foot pain abscess of foot 
abscess,18833,2019-11-29,abscess   
abscess,18839,2020-07-02,abscess   abscess of breast
abscess,18846,2020-06-16,feels unwell   pilonidal abscess
abscess,18846,2020-07-30,pilonidal cyst without abscess   
abscess,18846,2022-08-18, abscess of back  
abscess,18856,2022-06-02, abscess  
abscess,19138,2021-03-25, wound abscess  
abscess,19142,2021-01-10, dental abscess  
abscess,19343,2020-10-15, abscess  infection by strongyloides
abscess,19629,2022-09-23, pilonidal abscess  
abscess,19754,2021-07-03, stitch abscess  
abscess,19862,2021-11-23, immunisation consent given  abscess
abscess,20772,2019-04-02,on call: breast lump ?abscess   
abscess,20944,2021-05-27, abscess  
abscess,22072,2020-11-17, abscess  
abscess,33228,2021-06-22, injection given  abscess of neck
abscess,48714,2021-02-04, abscess rheumatic heart disease 
abscess,49099,2021-07-19, personal administration  wound abscess
abscess,52839,2020-08-16,   abscess
abscess,52839,2020-12-05, abscess  
abscess,52839,2021-01-06, wound abscess wound infected 
abscess,52861,2021-08-12, wound abscess wound abscess infection
abscess,54711,2021-09-07, wound abscess  vaccination given
abscess,156934,2021-12-02, abscess anterior knee pain 
abscess,238222,2017-10-18,abscess buttock   
abscess,238636,2020-10-15, abscess of breast dizziness hypoglycaemia
abscess,238857,2021-09-02, under care of podiatrist kimberley - rhd (priority 3) - arf (no rhd) or mild rhd abscess of breast
abscess,239500,2022-08-07, skin abscess  boils of multiple sites
abscess,242975,2021-02-01, scrotal abscess  
abscess,255535,2020-04-30,abscess of breast   
abscess,255535,2020-09-01,   abscess of breast
abscess,255535,2020-10-16, breast lump symptom pain abscess of breast
abscess,255535,2021-04-29, abscess  
abscess,255535,2021-09-10, abscess of breast  
abscess,255535,2021-12-02, wound abscess  
abscess,255535,2022-02-24, abscess of breast  abscess of breast
abscess,255535,2022-03-10, abscess of breast  
abscess,255535,2022-06-23, abscess of breast  eskd
abscess,255541,2020-06-13,abscess   abscess
abscess,260449,2020-10-10, boil  wound abscess
abscess,260449,2021-04-01,   abscess
abscess,277449,2021-06-21, toothache  dental abscess
abscess,358301,2020-12-31, abscess  
abscess,483070,2022-01-11, wound abscess  respects others
abscess,534251,2018-11-27,recurrent abscesses   
abscess,534251,2020-12-10, abscess  
abscess,534251,2020-12-18, personal administration  recurrent abscesses
abscess,534251,2021-11-12, recurrent abscesses toothache recurrent abscesses
abscess,563696,2020-12-15, dental abscess  
abscess,566552,2023-03-23, impetigo  abscess
abscess,682726,2017-01-05,abscess thigh   
abscess,682726,2019-05-13,"boil/abscess, fever   "
abscess,735385,2021-06-16, abscess of lip  
abscess,852657,2021-03-29, dentalgia  dental abscess
abscess,950625,2020-03-03,videoconference: # clinic perth   multiple lung abscesses
abscess,1021455,2022-03-12, dental abscess  
abscess,1098253,2019-12-04,abscess   
abscess,1731006,2022-01-09, abscess  
abscess,1737458,2022-01-20, abscess  
skin,17834,2020-04-01,impetigo-type sores to feet   sore skin
skin,18805,2021-12-29, skin abscess pain 
skin,18812,2021-08-09, skin infection medication given cellulitis
skin,18812,2021-12-23, sore skin  
skin,18839,2020-06-29,skin eruption   
skin,18840,2021-06-14, medication given skin infection 
skin,18842,2020-01-15,   sore skin
skin,18842,2022-03-03, skin breakdown healthy adult pregnancy
skin,18846,2022-06-14, t2dm - diabetes mellitus type 2  skin sores
skin,18846,2022-08-17, multiple skin tags  
skin,18847,2021-01-19, pathology specimen submitted poor skin condition chronic disease present
skin,18861,2021-04-06,   o/e - cracked skin of feet
skin,18868,2020-06-30,fb - foreign body in skin   within normal limits
skin,18868,2021-03-26, skin rash  
skin,18868,2021-08-24, sore skin  
skin,18868,2021-10-06, contraception  sore on skin
skin,18868,2022-06-20, medication given  skin problem
skin,19022,2021-06-09, sore on skin  hyperglycaemia
skin,19138,2021-11-04, itchy skin eruption  hypertension
skin,19304,2021-06-22, skin infection  
skin,19433,2020-02-13,implanon removal   skin sores
skin,19488,2020-04-15,skin sore   
skin,19488,2020-04-28,skin sores   abdominal pain
skin,19765,2022-05-10, infection of skin  
skin,19918,2020-09-29, infected ulcer of skin  infected ulcer of skin
skin,19924,2020-12-03, under care of gp skin infection 
skin,19936,2021-07-12, impetigo  skin infection
skin,20087,2023-03-15, sore on skin impetigo 
skin,20088,2021-12-29, skin breakdown  
skin,20136,2021-06-10,  skin ulcer skin ulcer
skin,20270,2020-04-06,itching skin   mosquito bites
skin,20270,2020-10-23, pathology specimen submitted c/o: dry skin 
skin,20279,2021-07-13, skin infection  
skin,20482,2020-01-17,itchy skin   
skin,20482,2020-07-06,cracks in skin   cracks in skin
skin,20690,2022-06-21, skin breakdown  
skin,20724,2020-03-04,skin rash   
skin,20724,2020-03-18,skin rash   
skin,20900,2019-11-29,uti   skin lesions
skin,20900,2020-02-11,chlamydial infection   sore on skin
skin,20900,2020-03-05,medication given   non retractile foreskin
skin,20955,2019-09-05,skin tag   
skin,20955,2021-04-15,   skin tag
skin,21002,2020-11-05, under care of contact tracing nurse ringworm sore on skin
skin,21089,2023-01-11, skin integrity impairment  
skin,21106,2020-01-23,k10 completed   sore skin
skin,21175,2021-05-14, skin disease  
skin,21193,2020-02-27,boil   sore on skin
skin,21193,2022-06-23, strongyloidiasis skin breakdown 
skin,21350,2020-11-02, itching of skin  
skin,21682,2020-08-03,sore on skin   impetigo
skin,22860,2021-08-18, skin breakdown boil 
skin,23138,2021-04-13, sore on skin  
skin,48093,2021-04-01, sore skin  impetigo
skin,48675,2021-05-27, wound  skin infection
skin,48714,2021-02-04, sore on skin rheumatic heart disease sore on skin
skin,49025,2020-08-24,sore on skin   
skin,49249,2021-11-04, skin finding  
skin,50387,2023-01-30, pain in thumb  skin infection
skin,52839,2020-08-13,pain in left leg   sore skin
skin,52839,2020-11-05, under care of gp poor skin condition diabetes
skin,52861,2023-02-20, skin infection  
skin,156452,2020-07-27,sore on skin   impetigo
skin,156661,2020-03-09,red eye/ skin sores   cellulitis
skin,156661,2022-02-25, sore on skin  
skin,156934,2021-09-13, skin infection  
skin,197338,2017-06-13,skin sore   
skin,205422,2022-10-20, skin breakdown  
skin,205443,2020-01-21,itchy skin   
skin,205539,2018-02-09,skin sores   
skin,205601,2021-05-28, sore on skin  
skin,205601,2021-11-15, skin infection  skin infection
skin,205602,2020-08-24,groin pain   sore skin
skin,205986,2021-05-20, skin infection  paronychia
skin,205986,2021-09-30, skin finding  
skin,210600,2020-07-09,skin breakdown   
skin,216551,2020-08-04,sore on skin   strain of muscle and/or tendon of elbow region
skin,216551,2022-11-14, sore skin  
skin,218127,2020-07-13,sore on skin   exposure to scabies
skin,222962,2023-01-23, sore skin  
skin,227747,2020-07-04,sore on skin   
skin,227747,2021-04-21, sore on skin scabies impetigo
skin,236696,2021-03-16, pathology specimen submitted skin rash 
skin,238636,2021-02-22, skin infection  skin infection
skin,239500,2022-08-07, skin abscess  boils of multiple sites
skin,241152,2019-12-18,dna review of skin post rx   fluvax not given - recall friday
skin,242349,2022-12-15, post-acute covid-19  skin review
skin,242926,2020-10-26, bleeding skin medication given 
skin,249758,2023-02-09, sore skin  capsulitis
skin,255299,2023-02-01, personal administration  skin infection
skin,255534,2023-01-09, skin infection  skin infection
skin,255535,2021-02-11, multiple complaints  skin infection
skin,255535,2022-09-08, type 2 diabetes  skin infection
skin,255541,2020-01-23,medication/skin sores   
skin,255633,2020-07-28,skin sores   
skin,255951,2020-09-24, skin problem  hepatitis c
skin,256192,2020-08-17,sore on skin   
skin,260449,2020-08-11,sore on skin   sore on skin
skin,260449,2020-08-19,sore on skin   sore on skin
skin,260449,2021-08-31, infection of skin  
skin,260449,2022-08-26, skin breakdown immunisation due 
skin,260916,2021-01-25, skin infection  
skin,262463,2022-05-16, skin breakdown head lice 
skin,264771,2021-05-28, headlice  skin infection
skin,264771,2021-11-22, skin infection  
skin,270287,2021-12-30, skin breakdown fracture of ankle 
skin,271877,2021-07-19, follow-up review of patient requested  skin infection
skin,273585,2020-06-04,skin sores   
skin,277449,2020-11-04, skin finding  
skin,277449,2021-05-05, sore on skin  
skin,277449,2022-08-18, skin infection  
skin,312179,2021-06-03, skin disease head lice 
skin,358301,2020-11-29, traumatic tympanic membrane perforation sore skin 
skin,358301,2021-06-01, sore on skin vaccination given 
skin,369336,2021-05-20, impetigo  skin infection
skin,407549,2021-08-26, sore on skin  
skin,407574,2020-02-27,viral infection of skin   molluscum contagiosum
skin,407574,2022-11-12, sore on skin  
skin,411365,2021-07-27, personal administration  skin infection
skin,418991,2020-08-24,skin sores   scabies
skin,446526,2022-01-27, sore skin  
skin,457596,2020-08-11,sore on skin   impetigo
skin,481775,2022-02-04, sore on skin  
skin,504884,2019-11-28,   skin tag
skin,534251,2020-12-21, recurring skin boils  
skin,534251,2021-11-15, personal administration  recurring skin boils
skin,559199,2021-06-01, swelling of knee joint sore on skin antenatal care provider
skin,559199,2022-05-27, skin breakdown  
skin,563682,2020-01-23,skin lesion   liver cyst
skin,576011,2020-10-15, lump of skin  
skin,580146,2021-08-01, sore on skin  impetigo
skin,580146,2021-11-02, under care of occupational therapist  skin infection
skin,590016,2021-09-06, infection of skin  
skin,618447,2021-09-16, skin infection  
skin,635282,2020-01-17,review skin   
skin,635834,2020-04-30,sore on skin   
skin,682726,2021-12-03, skin sores  personal administration
skin,682726,2022-10-10, skin infection  ear normal
skin,697374,2020-11-04, skin finding  
skin,738268,2022-02-25, sore on skin  
skin,762754,2021-07-15, sting of skin  
skin,779267,2019-10-31,skin lesion - seen in beagle bay   
skin,784646,2023-01-23, sore on skin diabetes mellitus 
skin,797137,2020-08-07,sore on skin   wound
skin,797137,2021-09-07, sore on skin  multiple boils
skin,797137,2023-04-11, sore on skin  sore on skin
skin,808093,2022-12-26, sore skin  
skin,815200,2020-02-19,   skin lesion
skin,829073,2019-10-17,skin infection   
skin,831301,2020-09-08,itching of skin   scabies
skin,861497,2021-04-21, sore on skin  impetigo
skin,861497,2023-01-30, sore on skin  
skin,864278,2021-05-11, skin eruption  
skin,910892,2020-03-12,skin sores   mosquito bites
skin,950607,2022-04-28, skin tear  mitral regurgitation
skin,955317,2021-09-29, sore on skin head lice impetigo
skin,957789,2019-12-19,urti & skin sores   
skin,957789,2020-09-08,skin sores   impetigo
skin,957789,2021-10-04, skin sores  
skin,973699,2023-02-03, skin infection  
skin,1021455,2022-03-14, sore skin  
skin,1049060,2022-02-28, skin eruption  
skin,1055640,2020-05-03,crying - ear infection/skin sores   
skin,1060199,2022-07-25, skin infection  
skin,1080090,2019-02-18,recurrent skin infection   
skin,1086306,2019-11-21,skin infection   
skin,1086306,2019-12-03,skin infection   
skin,1092439,2021-01-07, impetigo multiple boils infection of skin
skin,1092439,2021-05-10, skin lesion pain wound infected
skin,1092439,2021-08-23, sore on skin  
skin,1114821,2021-09-10, sore on skin  otitis media
skin,1114821,2021-10-11, sore skin csom - chronic suppurative otitis media 
skin,1114821,2021-10-22, sore skin  
skin,1125436,2021-06-14, medication given skin infection 
skin,1150578,2021-06-18, sore skin  impetigo
skin,1159522,2020-11-23, sore on skin  sore on skin
skin,1160025,2019-08-15,skin sores   
skin,1195217,2021-11-11, scab of skin  
skin,1201549,2020-03-13,red skin   insect bite
skin,1204107,2022-11-08, itching of skin underweight 
skin,1237589,2022-04-27, diabetic skin ulcer  
skin,1237589,2022-05-05, leg ulcer  diabetic skin ulcer
skin,1237589,2022-05-26, diabetic skin ulcer  
skin,1237589,2022-10-10, diabetic skin ulcer  
skin,1326137,2023-01-30, hcc - hepatocellular carcinoma  skin infection
skin,1326358,2021-01-25, skin infection  
skin,1327688,2021-02-01, sore on skin dog bite of calf 
skin,1333223,2022-11-07, medication given sore on skin 
skin,1359068,2021-03-12, sore on skin  
skin,1462131,2022-05-31, skin eruption  
skin,1462131,2022-10-31, skin eruption  
skin,1499921,2021-12-17, dry skin  
skin,1631212,2022-08-03, skin infection  
skin,1674767,2023-02-23, skin infection  
skin,1705273,2022-01-04, suicide gesture skin clean 
skin,1727359,2021-12-27, crying infant skin disease 
skin,1727679,2022-09-01, skin lesion  
skin,1774328,2023-01-15, sore skin  
skin,1969011,2022-10-03, recurrent skin infection immunisation due 
skin,1969011,2023-02-17, recurrent skin infection  
skin,2126812,2023-02-01, sore skin  
rash,18847,2020-07-07,rash   rash
rash,18868,2018-06-11,rash   
rash,18868,2021-03-26, skin rash  
rash,19343,2020-11-03, rash  
rash,19488,2021-02-03, rash  
rash,19494,2020-09-07,localised rash   perineal wound dehiscence
rash,20493,2021-01-25, rash  
rash,20724,2020-03-04,skin rash   
rash,20724,2020-03-18,skin rash   
rash,21175,2021-06-25, rash  
rash,21302,2022-10-27, rash  
rash,21302,2023-03-28, rash  
rash,23138,2020-03-12,pre-conception   o/e - scalp rash
rash,27042,2021-04-06, rash  
rash,48095,2021-10-20, vaccination given  rash
rash,52861,2020-10-09, rash medication given viral illness
rash,205986,2020-03-12,blood collection   o/e - scalp rash
rash,205986,2020-12-07, rash  
rash,205986,2021-09-30, rash of genitalia  
rash,235470,2021-10-20, vaccination given  rash
rash,236696,2021-03-16, pathology specimen submitted skin rash 
rash,242449,2023-02-20, rash present  
rash,260449,2021-10-26, rash  
rash,269423,2021-03-02, rash fungal infection 
rash,797137,2020-10-27, rash  urticaria
rash,847809,2018-04-12,"rash, warts   "
rash,847809,2019-11-25,rash   dermatitis
rash,950607,2018-06-21,"bp check, rash   "
rash,957789,2020-09-24, cough rash viral infection
rash,957789,2021-03-14, rash fever coxsackie virus disease
rash,1055640,2020-02-05,"headlice , cold fungal rash   headlice fungal rash"
rash,1086306,2019-09-19,rash on ankles   
rash,1086306,2019-11-07,papular rash   
rash,1150578,2019-08-15,"infected scabies, facial rash   "
rash,1203185,2020-03-19,rash   
rash,1203185,2020-08-02,rash   
rash,1203185,2021-03-03, rash  ringworm
rash,1203185,2021-04-06, rash  
rash,1203185,2022-08-04, rash present  
rash,1243792,2021-06-14, rash  
rash,1294028,2021-01-12, rash of genitalia  
rash,1327688,2021-02-01, follow-up review of patient requested  nappy rash
rash,1449076,2023-03-07, rash  
rash,1473881,2023-02-03, rash  
sores,17834,2020-04-01,impetigo-type sores to feet   sore skin
sores,18807,2018-06-13,sores on left knee   
sores,18846,2022-06-14, t2dm - diabetes mellitus type 2  skin sores
sores,19433,2020-02-10,wound sores   
sores,19488,2020-04-28,skin sores   abdominal pain
sores,20900,2020-05-01,sti treat/trulicity/meds/ sores   
sores,48675,2020-02-24,wound sores   soft tissue injury
sores,49025,2020-10-26, immunisation due school sores scabies
sores,156473,2017-10-24,sores left lower calf x 2   
sores,156661,2020-03-09,red eye/ skin sores   cellulitis
sores,188111,2018-01-30,multiple sores   
sores,205539,2018-02-09,skin sores   
sores,255541,2020-01-23,medication/skin sores   
sores,255633,2020-07-28,skin sores   
sores,257173,2021-02-19, multiple sores  
sores,260449,2017-10-24,sores   
sores,260449,2020-02-28,multiple wound sores   
sores,260449,2020-08-17,sores   febrile
sores,260449,2020-09-08,sores   infected wound
sores,260449,2021-06-29, sores  
sores,271877,2021-07-17, foot pain sores 
sores,273585,2020-06-04,skin sores   
sores,407549,2020-02-24,wound sores   
sores,407549,2020-03-11,fever/painful sores   
sores,418991,2020-08-24,skin sores   scabies
sores,467520,2020-01-14,head sores   
sores,474507,2020-03-03,scalp:wound sores   
sores,682726,2020-02-28,wound sores.   
sores,682726,2021-12-03, skin sores  personal administration
sores,735385,2017-10-25,"febrile, sores/cough   "
sores,747256,2017-10-23,sores   
sores,815200,2020-03-03,wound sores   scabies
sores,815200,2020-03-09,wound sores   newborn
sores,864278,2017-10-23,sores   
sores,910892,2020-03-12,skin sores   mosquito bites
sores,948476,2020-01-17,sores   
sores,957789,2019-12-19,urti & skin sores   
sores,957789,2020-09-08,skin sores   impetigo
sores,957789,2021-10-04, skin sores  
sores,1055640,2020-05-03,crying - ear infection/skin sores   
sores,1086306,2019-09-12,sores to lower leg   
sores,1086306,2019-10-22,sores on ankles   
sores,1086306,2019-11-21,sores on ankle   
sores,1086306,2019-11-28,   sores
sores,1160025,2019-08-15,skin sores   
impetigo,17834,2020-04-01,impetigo-type sores to feet   sore skin
impetigo,18840,2020-11-05, personal administration impetigo discharged from services
impetigo,18841,2020-06-29,   impetigo
impetigo,19092,2022-04-21, impetigo  ultrasound scan normal
impetigo,19343,2020-10-14, open wound of lower leg impetigo infected wound
impetigo,19936,2021-07-12, impetigo  skin infection
impetigo,20087,2023-03-15, sore on skin impetigo 
impetigo,20724,2022-11-29, bipolar disorder in remission vulval discomfort impetigo
impetigo,20900,2020-01-20,daa   lice and impetigo
impetigo,21286,2023-01-05, impetigo  
impetigo,21302,2023-04-17, personal administration  impetigo
impetigo,21347,2021-02-23, head lice impetigo 
impetigo,21682,2020-04-23,   impetigo
impetigo,21682,2020-08-03,sore on skin   impetigo
impetigo,21682,2022-01-20, impetigo wound dirty 
impetigo,21686,2022-12-14, scabies impetigo 
impetigo,22414,2021-11-30, impetigo  
impetigo,22848,2022-03-09, follow-up review of patient requested head lice impetigo
impetigo,48093,2021-04-01, sore skin  impetigo
impetigo,48723,2022-07-22, impetigo  
impetigo,49249,2020-01-23,impetigo   
impetigo,56608,2020-05-08,isolation discussion   impetigo
impetigo,81446,2021-10-06, impetigo toothache impetigo
impetigo,156452,2020-07-27,sore on skin   impetigo
impetigo,156661,2023-02-02, laceration of arm  impetigo
impetigo,156934,2021-11-11, wound scabies scabies & impetigo
impetigo,205443,2022-04-07, impetigo  impetigo
impetigo,205986,2020-12-04, urine finding impetigo 
impetigo,210600,2020-10-13, impetigo  impetigo
impetigo,210600,2023-04-04, impetigo  
impetigo,218127,2020-01-28,impetigo   impetigo
impetigo,218127,2020-06-12,   impetigo
impetigo,223387,2022-05-28, impetigo  scabies
impetigo,227747,2021-04-21, sore on skin scabies impetigo
impetigo,257173,2023-03-31, impetigo  
impetigo,260449,2020-02-17,impetigo   impetigo
impetigo,273585,2020-06-03,impetigo   rotator cuff injury
impetigo,312179,2020-02-04,impetigo   impetigo
impetigo,312179,2022-05-23, wound impetigo 
impetigo,312179,2022-10-10, impetigo  csom - chronic suppurative otitis media
impetigo,328634,2019-10-23,impetigo   
impetigo,328634,2020-04-13,impetigo   
impetigo,368246,2019-12-16,impetigo   
impetigo,368246,2020-07-31,impetigo   
impetigo,368246,2023-03-31, impetigo  
impetigo,369336,2021-05-20, impetigo  skin infection
impetigo,407549,2020-03-10,impetigo   
impetigo,411371,2021-07-26, impetigo  scabies
impetigo,416467,2022-06-20, impetigo  
impetigo,455213,2017-06-13,impetigo   
impetigo,457596,2020-08-11,sore on skin   impetigo
impetigo,464103,2019-11-07,impetigo infection   
impetigo,474507,2022-10-31, impetigo  
impetigo,522171,2022-05-23, wound impetigo 
impetigo,534251,2020-04-16,impetigo   
impetigo,534251,2023-01-24, impetigo  
impetigo,534251,2023-03-14, impetigo  
impetigo,559199,2022-05-04, impetigo  
impetigo,566552,2023-03-23, impetigo  abscess
impetigo,580146,2021-06-21,   impetigo
impetigo,580146,2021-08-01, sore on skin  impetigo
impetigo,635282,2020-01-07,scalp impetigo   scabies
impetigo,676508,2020-02-06,cellulitis of knee   impetigo
impetigo,682726,2020-03-06,impetigo   
impetigo,698740,2021-07-26, impetigo  
impetigo,722563,2022-01-09, impetigo  impetigo
impetigo,738268,2022-06-17, impetigo  
impetigo,763405,2020-08-03,   impetigo
impetigo,763405,2022-09-08, impetigo  
impetigo,763405,2022-12-03, impetigo  
impetigo,763405,2022-12-29, impetigo  
impetigo,763405,2023-03-23, impetigo  
impetigo,861497,2021-01-29, fever impetigo 
impetigo,861497,2021-04-21, sore on skin  impetigo
impetigo,909660,2021-07-08, impetigo  
impetigo,931076,2022-07-18, impetigo  
impetigo,931076,2023-02-01, impetigo  
impetigo,948476,2023-03-30, impetigo  
impetigo,955317,2021-09-29, sore on skin head lice impetigo
impetigo,957789,2020-09-08,skin sores   impetigo
impetigo,961028,2023-02-14, healthy child impetigo healthy child
impetigo,1055640,2022-07-20, impetigo  
impetigo,1092439,2021-01-07, impetigo multiple boils infection of skin
impetigo,1092439,2021-06-08, wound infected fever impetigo
impetigo,1092439,2021-07-12, impetigo  
impetigo,1092439,2021-12-09, wound  impetigo
impetigo,1092439,2022-01-13, impetigo  
impetigo,1096507,2022-12-19, impetigo  
impetigo,1114821,2022-07-25, impetigo  
impetigo,1114821,2023-04-04, impetigo  
impetigo,1150578,2021-06-18, sore skin  impetigo
impetigo,1201549,2023-04-05, impetigo  
impetigo,1203185,2021-08-30, impetigo dry cough 
impetigo,1203185,2022-03-01, impetigo  
impetigo,1203185,2023-01-18, impetigo  
impetigo,1203203,2022-09-27, impetigo  
impetigo,1315695,2021-12-10, impetigo  
impetigo,1321403,2023-03-16, impetigo  
impetigo,1326845,2021-01-27, impetigo  
impetigo,1340040,2021-02-26, impetigo  
impetigo,1462131,2023-03-21, impetigo flu-like symptoms 
impetigo,1663188,2023-03-02, impetigo  
impetigo,1727359,2022-11-28, impetigo  
impetigo,1727678,2022-09-01, impetigo cold sore 
impetigo,1731922,2022-01-11, impetigo  
impetigo,1736878,2022-09-01, impetigo cold sore 
impetigo,1774328,2023-02-01, impetigo  
impetigo,1979860,2022-09-12, impetigo lice infested hair lice infested hair
impetigo,1991891,2023-01-18, impetigo  
school sores,49025,2020-10-26, immunisation due school sores scabies
skin sores,18846,2022-06-14, t2dm - diabetes mellitus type 2  skin sores
skin sores,19433,2020-02-13,implanon removal   skin sores
skin sores,19488,2020-04-28,skin sores   abdominal pain
skin sores,156661,2020-03-09,red eye/ skin sores   cellulitis
skin sores,205539,2018-02-09,skin sores   
skin sores,255541,2020-01-23,medication/skin sores   
skin sores,255633,2020-07-28,skin sores   
skin sores,273585,2020-06-04,skin sores   
skin sores,418991,2020-08-24,skin sores   scabies
skin sores,682726,2021-12-03, skin sores  personal administration
skin sores,910892,2020-03-12,skin sores   mosquito bites
skin sores,957789,2019-12-19,urti & skin sores   
skin sores,957789,2020-09-08,skin sores   impetigo
skin sores,957789,2021-10-04, skin sores  
skin sores,1055640,2020-05-03,crying - ear infection/skin sores   
skin sores,1160025,2019-08-15,skin sores   
purulent,205602,2020-03-03,otitis media with effusion - purulent   upper respiratory tract infection
crusted,1177344,2020-05-14,administered oral iron;  bi-lateral crusted eyes   
fungal,19488,2021-12-17, fungal infection  
fungal,20724,2019-09-19,fungal infection of lung   
fungal,20975,2020-01-28,left ear discomfort.   left ear fungal infection.
fungal,49462,2019-11-28,school health assessment / 715 commenced   fungal scalp infection and l) otitis externa
fungal,242349,2020-03-03,discharging eye   fungal infection
fungal,269423,2021-03-02, rash fungal infection 
fungal,283194,2021-01-04, cellulitis of buttock fungal infection by site 
fungal,640086,2019-11-21,fungal infection scalp   
fungal,640086,2019-12-09,fungal infection scalp   
fungal,1055640,2020-02-05,"headlice , cold fungal rash   headlice fungal rash"
fungal,1080090,2020-01-14,fungal infection by site   
fungal,2126124,2023-01-30, fungal infection  
tinea,18847,2021-02-18, tinea due to trichophyton rubrum abnormal liver function 
tinea,18847,2021-03-10, under care of gp  tinea
tinea,18861,2019-12-16,tinea   
tinea,20880,2022-08-18, infected hand  tinea capitis
tinea,21166,2021-12-09, kerion tinea capitis kerion
tinea,116374,2020-09-24, warfarin control  tinea
tinea,236696,2021-03-18, tinea  
tinea,242926,2022-02-24, tinea corporis  
tinea,255541,2020-01-16,admin   tinea corporis
tinea,269423,2021-01-18, tinea  
tinea,277449,2021-10-20, tinea capitis  
tinea,640086,2019-12-19,in hck - recalled for review tinea capitus post rx   
tinea,1114821,2020-09-03,   tinea
tinea,1522323,2022-09-22, wound  tinea capitis
lice,18839,2020-02-27,eye symptom   lice infested hair
lice,19625,2020-08-31,   has driving licence
lice,20291,2021-03-04, shoulder pain migraine ringworm and headlice
lice,20482,2021-10-11, medication given  head lice
lice,20900,2020-01-20,daa   lice and impetigo
lice,21347,2021-02-23, head lice impetigo 
lice,22848,2022-03-09, follow-up review of patient requested head lice impetigo
lice,27042,2022-07-26, lice infestation  
lice,48675,2022-05-25, head lice  
lice,205568,2022-05-25, head lice  
lice,205602,2019-12-04,school health assessment / 715 commenced   head lice
lice,217975,2022-05-25, head lice  
lice,262463,2022-05-16, skin breakdown head lice 
lice,264771,2021-05-28, headlice  skin infection
lice,277449,2020-11-09, head lice otitis 
lice,277449,2022-05-25, head lice  
lice,312179,2021-06-03, skin disease head lice 
lice,312179,2022-05-26, head lice  
lice,358301,2019-11-05,lice infested hair   
lice,464103,2022-05-25, head lice  
lice,481775,2022-05-28, head lice  
lice,507650,2022-05-25, head lice  covid-19
lice,522171,2022-05-25, head lice  
lice,559199,2022-05-28, head lice  
lice,580146,2022-05-25, head lice  
lice,590016,2019-12-04,head lice   
lice,640086,2020-01-20,head lice   varicose veins
lice,640086,2022-05-28, head lice  
lice,640086,2022-10-31, head lice  
lice,682726,2020-11-04, boil lice infested hair 
lice,735385,2022-05-28, head lice  
lice,747256,2019-12-04,school health assessment / 715 commenced   boil and headlice
lice,852657,2022-03-03, head lice  
lice,861497,2020-02-18,lice infested hair   lice infested hair
lice,950625,2021-06-10,   patient advised to inform driver and vehicle licensing agency
lice,955317,2021-09-29, sore on skin head lice impetigo
lice,961028,2023-03-02, wet cough and aom  head lice
lice,1055640,2020-02-05,"headlice , cold fungal rash   headlice fungal rash"
lice,1086311,2020-03-05,wound dressing   lice infested hair
lice,1243792,2020-07-27,lice infestation   
lice,1979860,2022-09-12, impetigo lice infested hair lice infested hair
head lice,20482,2021-10-11, medication given  head lice
head lice,21347,2021-02-23, head lice impetigo 
head lice,22848,2022-03-09, follow-up review of patient requested head lice impetigo
head lice,48675,2022-05-25, head lice  
head lice,205568,2022-05-25, head lice  
head lice,205602,2019-12-04,school health assessment / 715 commenced   head lice
head lice,217975,2022-05-25, head lice  
head lice,262463,2022-05-16, skin breakdown head lice 
head lice,277449,2020-11-09, head lice otitis 
head lice,277449,2022-05-25, head lice  
head lice,312179,2021-06-03, skin disease head lice 
head lice,312179,2022-05-26, head lice  
head lice,464103,2022-05-25, head lice  
head lice,481775,2022-05-28, head lice  
head lice,507650,2022-05-25, head lice  covid-19
head lice,522171,2022-05-25, head lice  
head lice,559199,2022-05-28, head lice  
head lice,580146,2022-05-25, head lice  
head lice,590016,2019-12-04,head lice   
head lice,640086,2020-01-20,head lice   varicose veins
head lice,640086,2022-05-28, head lice  
head lice,640086,2022-10-31, head lice  
head lice,735385,2022-05-28, head lice  
head lice,852657,2022-03-03, head lice  
head lice,955317,2021-09-29, sore on skin head lice impetigo
head lice,961028,2023-03-02, wet cough and aom  head lice
dermatitis,19011,2022-06-21, medication given  dermatitis
dermatitis,640086,2019-10-23,weight / scalp dermatitis   
dermatitis,815200,2021-03-02, scalp lesion  dermatitis
dermatitis,847809,2019-11-18,dermatitis   
dermatitis,847809,2019-11-25,rash   dermatitis
dermatitis,1159522,2019-09-13,dermatitis   
dermatitis,1159522,2019-10-03,dermatitis   
dermatitis,1159522,2019-10-08,dermatitis   
dermatitis,1185573,2019-12-17,contact dermatitis/eczema   contact dermatitis caused by chemical
eczema,242349,2022-04-21, eczema  
eczema,1185573,2019-12-17,contact dermatitis/eczema   contact dermatitis caused by chemical
wart,242926,2020-10-29, sore on skin  wart of anal mucosa caused by human papillomavirus
wart,847809,2018-01-04,"warts, preconception   "
wart,847809,2018-04-12,"rash, warts   "
wart,950607,2020-09-17,wart   wart
scabies,18812,2020-10-15, foot pain  scabies
scabies,18812,2021-11-09, pathology specimen submitted  scabies
scabies,18812,2021-11-16, medication given smoker scabies
scabies,18842,2021-09-02, scabies  medication given
scabies,19343,2020-10-30, medication given  scabies
scabies,19494,2020-02-04,daa   scabies
scabies,19625,2021-09-17, pathology specimen submitted  infected scabies
scabies,19765,2023-03-14, uti - urinary tract infection scabies 
scabies,20017,2019-12-17,daa   scabies
scabies,20270,2021-06-05, medication given  exposure to scabies
scabies,20609,2020-03-12,   scabies
scabies,20690,2020-10-15, wound  scabies
scabies,20944,2023-03-07, exposure to scabies  
scabies,20944,2023-03-15, exposure to scabies  
scabies,20954,2020-09-21,follow-up review of patient requested   scabies
scabies,21686,2022-12-14, scabies impetigo 
scabies,48675,2022-05-17, healthy adolescent scabies 
scabies,49025,2020-08-24,   scabies
scabies,49025,2020-10-26, immunisation due school sores scabies
scabies,49025,2020-11-03, scabies burn wound infection
scabies,49025,2021-11-11, scabies  scabies
scabies,50387,2021-01-22, sexual activity scabies sexual activity
scabies,156661,2021-09-30, scabies  
scabies,156661,2021-10-04, scabies  scabies
scabies,156934,2021-11-11, wound scabies scabies & impetigo
scabies,156934,2021-11-22, medication given  scabies
scabies,205422,2023-04-14, medication requested scabies scabies
scabies,210600,2021-07-20, scabies  bipolar disorder
scabies,218127,2020-07-13,sore on skin   exposure to scabies
scabies,218127,2021-02-15, scabies  
scabies,222962,2020-08-28,medication requested   scabies
scabies,223387,2022-05-28, impetigo  scabies
scabies,227747,2021-04-21, sore on skin scabies impetigo
scabies,230884,2021-06-29, scabies  
scabies,255299,2020-02-18,itch   scabies
scabies,255951,2020-09-08,exposure to scabies   exposure to scabies
scabies,271877,2021-11-11, medication given  scabies
scabies,324803,2020-10-27, scabies medication given 
scabies,411371,2021-07-26, impetigo  scabies
scabies,418991,2020-08-24,skin sores   scabies
scabies,474507,2021-07-24, scabies  
scabies,500448,2021-11-02, scabies  
scabies,534251,2023-04-04, scabies  
scabies,635282,2020-01-07,scalp impetigo   scabies
scabies,735385,2021-02-12, fever scabies anaemia
scabies,762754,2023-03-07, scabies  
scabies,762754,2023-03-15, scabies  
scabies,784646,2021-02-21, fever  scabies
scabies,815200,2020-03-03,wound sores   scabies
scabies,831301,2020-09-08,itching of skin   scabies
scabies,957789,2023-03-07, exposure to scabies  
scabies,957789,2023-03-15, exposure to scabies  
scabies,1080090,2019-02-07,infected scabies   
scabies,1092439,2020-05-18,scabies   
scabies,1092439,2020-06-03,scabies   scabies
scabies,1092439,2021-02-09, scabies  
scabies,1150578,2019-08-15,"infected scabies, facial rash   "
scabies,1201549,2020-11-12, scabies  
scabies,1203185,2021-04-06, medication given  scabies
scabies,1203203,2020-05-27,scabies   wound
scabies,1294028,2020-11-24, scabies  
scabies,1294028,2021-06-05, fever scabies aom - acute otitis media
scabies,1333223,2021-10-13, follow-up review of patient requested  scabies
scabies,1499921,2021-12-15, scabies  
scabies,1731727,2023-04-14, medication given scabies asthma
scabies,2135840,2023-03-07, scabies  
scabies,2135840,2023-03-15, scabies  
