dressing,11086,2021-09-10, dressing assisted  
dressing,12268,2017-11-14,dressing   
dressing,18541,2017-09-12,dressing   
dressing,18541,2017-11-23,wound dressing and daa   
dressing,18541,2019-07-22,daa and pop dressing   
dressing,18541,2019-10-15,dressing change   
dressing,18541,2022-05-03, dressing assisted  
dressing,19243,2019-08-13,dressing and medical certificate   
dressing,19243,2022-01-31, dressing assisted  
dressing,19357,2019-05-27,review wound and dressing   
dressing,19446,2019-10-01,dressing to finger   
dressing,19446,2019-10-17,dressing change   
dressing,19446,2019-10-23,dressing change   
dressing,19446,2019-10-29,dressing change   
dressing,19504,2020-09-21,dressing assisted   
dressing,19547,2018-03-15,dressing   
dressing,19568,2018-05-15,for review by gp and wound dressing   
dressing,19568,2018-06-28,wound review and dressing   
dressing,19568,2020-01-09,dressing change   
dressing,19568,2020-02-10,dressing change (foot)   
dressing,19568,2022-01-20, dressing assisted  
dressing,19604,2017-01-28,"for adm of meds, review and dressing   "
dressing,19675,2019-03-25,for review adn dressing of post burn - left forearm.   
dressing,19675,2019-09-06,dressing change   
dressing,19675,2021-07-12, dressing assisted  
dressing,19675,2021-07-19, dressing assisted  
dressing,19692,2019-10-09,dressing change   
dressing,19738,2020-12-02, dressing dependent  
dressing,19770,2017-05-08,dressing   
dressing,19903,2017-11-17,wound dressing and daa   
dressing,19903,2018-02-26,for review and dressing to left small finger   
dressing,19977,2017-01-27,wound dressing   
dressing,19977,2017-02-02,wound dressing and webster pack   
dressing,19977,2017-02-13,atsi health check and wound dressing   
dressing,19977,2017-02-22,adm of iv ab's and wound dressing (right big toe)   
dressing,20051,2018-12-04,for review of boils and dressing.   
dressing,20102,2018-10-05,review and dressing   
dressing,20102,2019-07-24,dressing   
dressing,20102,2019-07-29,dressing of the left finger   
dressing,20180,2018-01-25,wound dressing and daa   
dressing,20202,2019-12-11,dressing change   
dressing,20202,2019-12-16,dressing change   
dressing,20203,2017-06-16,aom - acute otitis media and dressing   
dressing,20223,2017-11-13,webster pack and wound dressing   
dressing,20223,2017-11-17,pathology and wound dressing   
dressing,20265,2017-01-25,wound dressing   
dressing,20265,2018-03-01,"for review and dressing of wound, bp check and daa   "
dressing,20265,2018-04-26,daily wound dressing (post boil) and for review   
dressing,20265,2018-05-04,for review  and wound dressing   
dressing,20265,2018-05-15,dressing and obs   
dressing,20265,2018-11-26,dressing of wound   
dressing,20265,2019-04-03,dressing change   
dressing,20265,2019-04-10,"review wound and dressing, daa and sterile water for cpap   "
dressing,20293,2019-07-10,review wound and dressing and cough   
dressing,20303,2018-03-08,for review and dressing of wound from boil   
dressing,20303,2018-09-14,review and wound dressing   
dressing,20398,2017-01-29,for review of infected wound and change of dressings   
dressing,20398,2017-11-09,dressing   
dressing,20404,2019-09-25,review wound and dressing   
dressing,20515,2019-12-24,dressing change   
dressing,20515,2019-12-31,dressing change   
dressing,20822,2017-11-13,wound dressing   
dressing,20822,2017-11-23,wound dressing and daa   
dressing,20822,2018-05-15,daa and dressing   
dressing,20906,2018-07-23,wound dressing   
dressing,20906,2022-04-14,  dressing assisted 
dressing,21087,2019-10-25,dressing change   
dressing,21133,2017-06-30,change of dressing - av fistula   
dressing,21200,2017-07-20,review and dressing of wound (from boil)   
dressing,21328,2020-02-03,dressing change   upper respiratory infection
dressing,21328,2020-02-10,dressing change   
dressing,21884,2018-08-29,review wound and dressing   
dressing,48815,2017-04-24,imi meds and dressing of wound   
dressing,49882,2017-06-09,dressing request.   
dressing,49882,2017-06-14,dressing + checkup   
dressing,49882,2017-06-29,dressing   
dressing,188111,2019-04-08,for iron treatment and wound dressing   
dressing,205487,2018-08-29,review boils and dressing   
dressing,205504,2017-07-17,review and wound dressing   
dressing,205593,2017-02-24,wound dressing   
dressing,205593,2017-03-03,dressings   
dressing,205605,2019-12-16,dressing change   
dressing,205638,2020-05-25,dressing assisted   
dressing,205972,2017-04-22,for review of boil and dressing   
dressing,205972,2018-05-03,"atsi adult health check ,wound dressing and influenza vaccination   "
dressing,205972,2018-05-07,for review and wound dressing   
dressing,205972,2018-05-18,review of wound and dressing   
dressing,205972,2018-05-29,wound review and dressing   
dressing,205972,2018-07-12,for review of av fistula and dressing   
dressing,206035,2017-06-28,review of wound and dressing   
dressing,206035,2021-10-08, dressing assisted  
dressing,211569,2018-02-28,wound dressing   
dressing,243169,2019-11-18,dog bite dressing and ecg changes   
dressing,255260,2017-01-05,dressings for boil   
dressing,255260,2021-06-01, dressing assisted  
dressing,255892,2019-01-31,for review of wound and dressing   
dressing,255892,2019-05-21,daa and dressing to left foot and abdomen   
dressing,256665,2017-06-20,dressing of wound   
dressing,284247,2017-02-01,wound dressing   
dressing,284247,2017-02-14,"atsi health check, lab adm and wound dressing   "
dressing,365633,2019-12-10,wound dressing adverse reaction   
dressing,469059,2018-05-24,wound review and dressing   
dressing,469059,2018-05-28,wound review and dressing   
dressing,525928,2017-01-18,change of dressing   
dressing,564832,2018-01-30,"review child health, dressings + lab   "
dressing,598845,2017-01-10,wound dressing   
dressing,598845,2018-04-27,wound dressing and iron treatment   
dressing,598845,2020-01-22,dressing assisted   
dressing,735996,2018-09-21,review and wound dressing   
dressing,738268,2017-06-28,review of wound and dressing   
dressing,738268,2017-07-13,wound review and dressing   
dressing,738268,2021-07-14, dressing assisted  
dressing,797092,2019-08-08,dressing and pathology   
dressing,797137,2018-08-27,"review of head injury, burns and dressing and   "
dressing,865013,2018-10-04,"medication, bp elevated and wound dressing   "
dressing,930170,2022-01-10, medication given  dressing left shin wound medications
dressing,932943,2019-01-31,dressing change   
dressing,932943,2019-10-23,dressing change   
dressing,1048622,2019-10-15,dressing change/wound care surveillance   
dressing,1073615,2019-05-27,for review and dressing of skin graft   
dressing,1120813,2019-06-12,review wound and dressing   
dressing,1157933,2021-07-14, dressing assisted  
dressing,1185117,2019-11-18,wound dressing   
dressing,1442097,2018-05-25,review wound and dressing post hospital discharge and pain   
laceration,11084,2021-02-22, personal administration  deep laceration of finger
laceration,11086,2021-03-09, laceration  laceration
laceration,17169,2021-07-08, laceration of finger  laceration of finger
laceration,18555,2017-06-15,finger laceration   
laceration,19153,2023-03-25, laceration of right middle finger  
laceration,19456,2021-07-04, laceration  
laceration,19456,2022-09-21, laceration  laceration
laceration,19491,2022-07-08, laceration  
laceration,19568,2018-01-17,atsi adult health check and laceration (dv)   
laceration,19568,2021-02-07, laceration of leg  
laceration,19770,2021-11-25, laceration of right upper arm  
laceration,19977,2021-03-22, laceration of left middle finger  
laceration,20180,2018-01-21,laceration to right thigh - self harm   
laceration,20180,2023-03-17, laceration of arm  
laceration,20180,2023-03-28, laceration of forearm  
laceration,20202,2019-09-06,laceration l foot   
laceration,20202,2020-06-25,laceration of calf   laceration of calf
laceration,20223,2020-11-03, pathology specimen submitted  laceration wound
laceration,20275,2022-11-03, laceration  
laceration,20304,2020-06-29,laceration of foot with foreign body   superficial laceration of foot
laceration,20398,2021-10-25, laceration  adult health assessment and gp management plan
laceration,20683,2020-08-30,laceration   
laceration,20906,2021-01-04, laceration  laceration
laceration,20958,2020-01-15,laceration   
laceration,21148,2022-05-20, laceration - injury  
laceration,21148,2022-05-25, laceration  
laceration,21345,2020-02-14,laceration to scalp   
laceration,21356,2023-01-07, laceration of finger  
laceration,21356,2023-01-15, laceration of arm  
laceration,21374,2020-02-13,laceration   
laceration,21883,2020-09-08,laceration   
laceration,22414,2021-09-17, laceration  laceration
laceration,23169,2019-10-16,laceration of heel   
laceration,23176,2020-06-22,laceration of skin of hand   laceration of skin of hand
laceration,44909,2020-09-22,laceration   
laceration,205504,2017-06-03,"laceration head, bite neck, laceration face   "
laceration,205638,2020-01-16,laceration   laceration
laceration,240629,2022-03-08, wound  laceration of elbow
laceration,242449,2022-03-13, laceration of right wrist  
laceration,255952,2020-11-02, laceration of left lower leg  
laceration,256665,2017-06-16,small laceration to left top of lips   
laceration,264771,2021-06-10, laceration  laceration
laceration,365633,2021-01-07, domestic violence  laceration
laceration,525424,2020-04-14,laceration   
laceration,564832,2020-02-21,laceration   laceration of head without foreign body
laceration,586474,2020-12-10, laceration  
laceration,590016,2020-02-14,laceration of right eyebrow   
laceration,590016,2021-06-18, injury laceration 
laceration,735996,2017-06-02,laceration   
laceration,738268,2021-06-11, laceration  laceration
laceration,774511,2019-09-27,laceration of heel   
laceration,814962,2021-12-20, laceration of foot  
laceration,830440,2021-01-29, laceration  
laceration,930170,2020-03-26,minor laceration under l/foot   otitis media
laceration,930170,2021-05-12, laceration  
laceration,1048622,2019-10-14,laceration of hand   
laceration,1157933,2021-06-29, laceration  
laceration,1185117,2019-11-12,laceration hand   
laceration,1187073,2020-04-20,laceration of skin   
laceration,1298622,2023-03-07, laceration  
laceration,1541940,2021-08-11, laceration  
cut,19065,2019-08-05,small cut to left palm   
cut,23169,2017-07-27,cut on hand.   
cut,590016,2023-01-09, cut of finger  
cut,712774,2017-08-19,small cut - scalp   
cut,830440,2021-06-03, superficial cut  superficial cut
cut,1159526,2021-06-02, superficial cut  upper respiratory infection
cut,1320464,2023-02-27, cut of foot  
wound,11084,2021-07-19, wound  
wound,11086,2020-02-17,wound   wound of skin (disorder)
wound,11086,2020-02-24,wound dirty   wound dirty
wound,11086,2020-03-03,wound dirty   wound dirty
wound,16551,2021-03-16, wound  wound infected
wound,17169,2020-08-20,   wound
wound,17169,2020-11-09, wound  
wound,18541,2017-09-14,for review and wound dressing   
wound,18541,2017-11-23,wound dressing and daa   
wound,18541,2019-10-17,wound care and review   
wound,18541,2022-03-15, wound  
wound,18555,2022-11-15, wound  
wound,18555,2022-11-26, wound  
wound,18555,2022-12-01, wound  
wound,18635,2021-11-12, deep wound  wound
wound,18808,2023-01-05, wound  
wound,18808,2023-01-18, wound  
wound,18922,2020-02-11,pain radiating to right shoulder   infected surgical wound
wound,19159,2020-06-26,wound   wound discharge
wound,19243,2021-12-30, wound infected pain 
wound,19243,2022-01-04, wound  
wound,19243,2022-01-10, wound healthy adult 
wound,19243,2022-01-18, wound medication given 
wound,19243,2022-01-24, wound  
wound,19243,2023-03-09, wound cellulitis  
wound,19248,2022-11-16, wound  
wound,19357,2019-05-24,wound review   
wound,19357,2019-06-06,for review of wound to left forearm   
wound,19412,2023-02-03, wound  
wound,19412,2023-02-07, wound  
wound,19446,2019-03-06,review wound and pain   
wound,19446,2019-03-25,wound review   
wound,19446,2019-09-19,wound assessment post op   
wound,19446,2019-09-23,review surgical wounds   
wound,19446,2019-10-24,review post op/wound review   
wound,19446,2020-03-09,wound   diarrhea and vomiting
wound,19446,2020-12-30, wound  
wound,19446,2021-01-06, wound  
wound,19446,2021-07-26, wound  
wound,19491,2022-07-15, wound finding  
wound,19568,2018-05-15,for review by gp and wound dressing   
wound,19568,2018-06-25,review wound   
wound,19568,2020-01-11,wound   wound
wound,19568,2020-01-21,wound infection   o/e - wound healing
wound,19568,2020-02-04,wound dehiscence   
wound,19568,2020-02-19,wound   
wound,19568,2021-02-19, wound discharge  
wound,19568,2021-04-08," sensation of blocked ear  open wound, finger"
wound,19568,2022-08-17, wound  eye finding
wound,19568,2022-09-07, wound dirty  
wound,19568,2022-09-14, puncture wound of foot  
wound,19568,2022-12-28, wound  
wound,19568,2023-03-01, wound  
wound,19604,2017-02-02,wound care   
wound,19630,2020-07-01,wound healed   wound healed
wound,19630,2020-12-10, wound infected  
wound,19630,2021-06-08, wound infected fever impetigo
wound,19630,2021-08-05, wound finding  
wound,19675,2019-03-28,wound dressing   
wound,19675,2021-05-18, wound discharge sebaceous cyst scabies
wound,19675,2021-07-05, wound  
wound,19675,2022-10-25, wound dehiscence  
wound,19675,2022-10-31, dehiscence of operation wound  
wound,19675,2022-11-10, dehiscence of operation wound  
wound,19675,2022-11-15, dehiscence of operation wound  
wound,19675,2022-11-21, dehiscence of operation wound  
wound,19675,2022-11-28, wound  
wound,19675,2022-12-05, toothache wound 
wound,19675,2022-12-12, wound - in medical care sore throat symptom 
wound,19675,2022-12-19, wound dehiscence  
wound,19675,2023-01-03, wound  
wound,19680,2022-06-21, wound  
wound,19705,2021-11-22, wound  pregnancy
wound,19738,2020-12-22, wound  
wound,19770,2017-02-10,wound dresisng   
wound,19770,2020-08-19,wound dirty   wound dirty
wound,19886,2020-09-14,wound   rheumatic heart disease priority 2
wound,19903,2017-11-17,wound dressing and daa   
wound,19949,2022-12-18, open wound of foot  
wound,19977,2017-01-24,infected wound - left big toe and  skin sores - right leg   
wound,19977,2017-02-02,wound dressing and webster pack   
wound,19977,2017-02-13,atsi health check and wound dressing   
wound,19977,2017-02-20,infected wound - left big toe   
wound,19977,2021-03-04, wound  
wound,19977,2021-03-23, wound  pcos- polycystic ovary syndrome
wound,19977,2022-10-25, wound  
wound,19977,2022-12-16, wound - in medical care  
wound,20018,2020-11-29, wound  
wound,20018,2021-04-13, wound  
wound,20040,2023-04-12, wound  
wound,20051,2021-05-19, wound dirty  left knee abrasion
wound,20102,2020-05-14,   infected wound
wound,20180,2018-01-25,wound dressing and daa   
wound,20180,2020-11-09, wound dirty  
wound,20180,2020-11-25,  wound infected 
wound,20180,2023-03-23, wound  
wound,20202,2019-09-11,wound review   
wound,20202,2020-12-14, wound  
wound,20202,2020-12-29, wound  
wound,20202,2021-05-20, wound dirty  
wound,20202,2021-05-25, wound dirty  
wound,20202,2021-06-08, wound infected  wound infected
wound,20202,2021-06-30, wound  
wound,20202,2022-05-25, wound  
wound,20202,2023-01-15, stab wound  
wound,20202,2023-01-23, stab wound  
wound,20203,2017-06-13,infected wound to left leg   
wound,20223,2017-11-13,webster pack and wound dressing   
wound,20223,2017-11-17,pathology and wound dressing   
wound,20223,2020-11-03, pathology specimen submitted  laceration wound
wound,20223,2021-11-18, wound wound 
wound,20223,2021-12-17, open wound of foot  
wound,20265,2017-01-25,wound dressing   
wound,20265,2018-03-01,"for review and dressing of wound, bp check and daa   "
wound,20265,2018-04-26,daily wound dressing (post boil) and for review   
wound,20265,2018-05-03,infected wound -right foot   
wound,20265,2018-05-17,wound dressing   
wound,20265,2018-11-26,dressing of wound   
wound,20265,2019-04-02,medication and review of wound and dresisng.   
wound,20265,2019-04-09,"review wound, medication  and boil   "
wound,20265,2020-06-10,eye pain   wound
wound,20265,2021-04-30, wound  
wound,20265,2022-02-25, wound  personal administration
wound,20265,2022-06-03, human bite - wound  
wound,20293,2019-07-10,review wound and dressing and cough   
wound,20303,2018-03-08,for review and dressing of wound from boil   
wound,20303,2018-09-14,review and wound dressing   
wound,20304,2020-06-30,wound   wound
wound,20304,2020-07-15,wound   
wound,20304,2022-10-20, pathology specimen submitted wound 
wound,20320,2022-10-10, wound  
wound,20392,2020-12-02, wound  
wound,20398,2017-01-28,infected wound   
wound,20398,2020-01-31,wound   
wound,20404,2019-09-23,1. wound infection 2. snoring 3. d&a 4. mental health   
wound,20404,2020-02-27,wound   
wound,20404,2020-03-10,wound   
wound,20404,2021-01-04, medication given wound 
wound,20404,2021-03-31, wound  
wound,20404,2021-04-16, wound dehiscence  
wound,20404,2021-06-01, blister  wound
wound,20404,2021-11-25, wound finding  
wound,20404,2022-11-15, wound  
wound,20515,2019-12-24,wound   t2dm (type 2 diabetes mellitus) uncontrolled
wound,20515,2020-05-20,medication given   wound
wound,20515,2020-10-06, diabetes  wound
wound,20515,2021-02-15, wound  
wound,20515,2021-02-23, wound infected  
wound,20515,2021-12-31, wound  
wound,20515,2022-01-04, medication given wound 
wound,20515,2022-01-14, wound  
wound,20515,2022-01-19, wound  
wound,20515,2022-04-26, dentalgia wound healing well boil of axilla
wound,20771,2020-09-11,open wound of foot   
wound,20771,2021-06-14, nausea and vomiting wound dirty 
wound,20797,2021-11-15, wound  ganglion cyst
wound,20797,2022-05-26, wound  
wound,20822,2017-11-13,wound dressing   
wound,20822,2017-11-23,wound dressing and daa   
wound,20906,2017-04-04,persisting wound right foot   
wound,20906,2018-07-23,wound dressing   
wound,20906,2020-01-14,wound   wound
wound,20906,2021-05-25, wound  insomnia
wound,20913,2020-10-19, wound dirty  hd review dr johan rosman
wound,20958,2017-07-22,review of wound   
wound,20958,2017-07-26,wound review   
wound,20958,2021-08-11, wound  
wound,20958,2021-10-12, wound  
wound,20958,2022-10-04, wound discharge  
wound,21087,2019-10-28,review foot wound   
wound,21087,2022-12-06, wound  wound
wound,21133,2017-07-07,bloods + wound review   
wound,21155,2021-11-18, wound  
wound,21200,2017-07-20,review and dressing of wound (from boil)   
wound,21200,2023-03-07, wound - in medical care  
wound,21210,2017-04-24,"immunisation, child health check and wound to right foot   "
wound,21250,2018-01-04,spider bite wound   
wound,21271,2022-10-31, wound  
wound,21276,2022-01-20, impetigo wound dirty 
wound,21284,2022-07-28, wound finding pathology specimen submitted 
wound,21311,2020-06-03,wound infected   
wound,21328,2020-01-16,wound care   wound care
wound,21328,2020-01-21,wound infection   wound infection
wound,21328,2020-01-28,wound review   
wound,21328,2021-12-22, bite - wound  
wound,21328,2021-12-30, bite - wound  
wound,21345,2021-09-22, medication given wound 
wound,21345,2021-10-04, surgical wound finding  
wound,21345,2022-05-16, wound  wound
wound,21883,2019-09-12,wound red   
wound,21884,2017-11-09,post burned wound   
wound,21884,2018-08-29,review wound and dressing   
wound,21884,2021-01-04, wound dirty  
wound,21884,2021-01-08, wound dirty  
wound,22414,2021-09-20, wound - in medical care  
wound,23176,2019-09-23,wound   
wound,23176,2020-06-15,vomiting   wound infected
wound,23176,2021-12-21, wound breakdown  
wound,48815,2017-04-24,imi meds and dressing of wound   
wound,49135,2018-04-24,for iron treatment and small wound to left 2nd toe   
wound,49135,2020-09-16,   wound
wound,49135,2021-09-14, wound infected  
wound,49882,2017-08-24,for review of wound and aboriginal health check   
wound,51281,2021-08-31, wound of skin  infected wound
wound,52839,2020-06-09,wound infection   wound infection
wound,54711,2021-06-28, wound  
wound,56467,2022-08-15, wound  wound
wound,188111,2019-02-01,infected wound and elevated bp   
wound,188111,2019-03-14,iron treatment and infected wounds   
wound,188111,2019-04-08,for iron treatment and wound dressing   
wound,205487,2020-09-11,wound   
wound,205487,2020-11-05, wound dirty  
wound,205504,2017-07-15,infected wound   
wound,205593,2017-02-24,wound dressing   
wound,205605,2021-06-25, wound wound 
wound,205730,2023-01-06, stab wound  
wound,205972,2018-05-03,"atsi adult health check ,wound dressing and influenza vaccination   "
wound,205972,2018-05-07,for review and wound dressing   
wound,205972,2018-05-18,review of wound and dressing   
wound,205972,2018-05-29,wound review and dressing   
wound,205972,2018-07-13,wound dressing   
wound,206022,2022-09-01, wound  
wound,206035,2017-06-28,review of wound and dressing   
wound,206035,2020-07-27,wound dirty   
wound,206035,2020-08-03,wound dirty   
wound,206035,2020-10-14, wound  
wound,206035,2021-01-19, infected surgical wound  
wound,206035,2021-01-27, wound infected  
wound,211444,2021-06-21, wound dirty  
wound,211444,2021-07-09, wound healed  
wound,211444,2021-11-10, wound  
wound,211444,2021-11-17, wound covid-19 vaccination - comirnaty (pfizer) 
wound,211569,2018-02-28,wound dressing   
wound,240629,2021-04-22, open wound of knee  acute otitis media
wound,240629,2021-04-29, wound  
wound,240629,2022-03-08, wound  laceration of elbow
wound,240876,2022-07-13, wound  
wound,242449,2018-02-26,small wound to right small toe and atsi health check   
wound,242449,2022-03-17, wound  
wound,242449,2023-01-06, wound dirty  
wound,255260,2020-08-26,weakness   wound infected
wound,255892,2019-01-31,for review of wound and dressing   
wound,255952,2020-11-11,  wound infected 
wound,256665,2017-06-20,dressing of wound   
wound,256665,2017-07-04,presents for hepb vaccine + wound review   
wound,264771,2023-01-17, wound  
wound,268652,2021-02-16, infected wound medication given 
wound,268652,2022-03-30, wound  
wound,284247,2017-02-01,wound dressing   
wound,284247,2017-02-14,"atsi health check, lab adm and wound dressing   "
wound,299678,2017-07-17,small wound   
wound,306967,2022-12-12, closed head wound  
wound,348887,2017-03-15,infected wound r) foot   
wound,365633,2018-03-21,wound to right knee and ? vaccination re- hep b booster courses   
wound,365633,2019-12-09,wound review   breast cancer
wound,365633,2021-01-04, wound infected  mastoiditis
wound,365633,2022-01-10, open wound of knee  
wound,413293,2020-03-21,head injury   wound
wound,413293,2021-11-22, wound  
wound,413293,2022-10-19, wound  
wound,454424,2022-09-28, wound dirty  
wound,454424,2023-02-08, wound  
wound,469059,2018-05-22,for review of aom - right ear and wound to right big toe   
wound,469059,2018-05-28,wound review and dressing   
wound,469059,2019-07-09,small wound at the right foot   
wound,485211,2020-03-09,wound   
wound,488644,2021-12-29, vaccination given wound breakdown covid-19 vaccination - comirnaty (pfizer)
wound,498069,2020-02-26,wound dirty   wound dirty
wound,498069,2020-09-17,wound   
wound,525424,2019-06-07,for review re- wound   
wound,525424,2020-04-14,wound   head injury
wound,525424,2020-04-22,wound   
wound,525424,2021-03-30, wound dehiscence  anaemia
wound,525424,2022-02-15, wound  
wound,525424,2023-02-03, wound  
wound,525928,2019-10-04,wound   
wound,525928,2020-06-29,medication given   wound
wound,558355,2022-02-25, wound  personal administration
wound,564832,2017-03-03,small wound due to injury   
wound,564832,2017-03-07,skin sores and infected wound.   
wound,564832,2017-04-13,wound to right knee   
wound,564832,2017-04-20,wound to right knee   
wound,564832,2020-01-15,wound   
wound,564832,2020-02-24,wound   
wound,564832,2020-06-23,wound healed   wound healed
wound,564832,2020-09-19,wound   
wound,564832,2020-09-30, wound  
wound,586474,2020-12-14, wound  
wound,589875,2023-02-08, wound  
wound,590016,2018-04-26,foot wound review   
wound,590016,2021-04-14, open wound of foot  
wound,590016,2021-04-19, open wound of foot cough 
wound,590016,2022-03-20, wound  
wound,590016,2023-02-24, wound  cellulitis of foot
wound,598845,2017-01-10,wound dressing   
wound,598845,2018-04-26,infected wound and cough and colds   
wound,598845,2020-09-24, wound finding  
wound,598845,2021-01-27, wound infected  
wound,598845,2021-07-27, wound  
wound,697374,2020-09-19,wound   
wound,711928,2021-07-19, infected wound  
wound,711928,2021-12-23, wound  
wound,711928,2022-01-04, wound  
wound,711928,2023-03-07, wound - in medical care  
wound,735996,2018-09-21,review and wound dressing   
wound,735996,2022-10-19, wound  
wound,735996,2022-10-24, wound  
wound,735996,2022-10-31, wound  
wound,735996,2022-11-08, wound  fetal alcohol syndrome
wound,738268,2017-06-28,review of wound and dressing   
wound,738268,2017-07-04,wound dressing   
wound,738268,2017-07-18,wound review   
wound,738268,2018-06-25,infected wound and csom   
wound,738268,2021-07-19, wound  
wound,738268,2021-07-25, wound  
wound,738268,2021-08-03, wound  
wound,738268,2021-08-07, wound  
wound,738268,2021-08-17, wound finding  dyslipidaemia
wound,738268,2021-08-21, wound  
wound,738268,2022-03-22, wound  
wound,738268,2023-01-17, wound  
wound,751817,2020-02-18,under care of gp   wound pain
wound,751817,2020-07-04,wound abscess   
wound,751817,2020-07-08,   wound infected
wound,797137,2019-03-29,wound to left knee   
wound,830440,2021-05-18, wound dirty  
wound,835142,2020-12-09, wound infected  
wound,865013,2018-10-04,"medication, bp elevated and wound dressing   "
wound,865013,2019-09-10,wound finding   
wound,865027,2021-08-17, wound upper respiratory infection 
wound,930170,2020-02-27,wound   medication given
wound,930170,2020-03-03,wound   upper respiratory infection
wound,930170,2021-09-01, wound  
wound,930170,2021-11-22, wound  pregnancy
wound,930170,2022-01-10, medication given  dressing left shin wound medications
wound,930170,2022-01-31," open wound foot, dorsum  skin infection"
wound,930170,2022-06-07, wound  
wound,932943,2019-02-01,review wound and dressing   
wound,932943,2020-09-21,wound   
wound,950483,2019-01-29,wound ooze   
wound,950483,2019-02-17,post op wound pain   
wound,1025924,2020-11-12, wound dirty  otitis externa
wound,1025924,2022-09-27,   wound infection
wound,1048622,2019-09-10,wound   
wound,1048622,2019-10-15,dressing change/wound care surveillance   
wound,1120813,2019-06-12,review wound and dressing   
wound,1154586,2022-05-11, wound medication given ankle injury
wound,1157933,2021-05-04, wound infection  
wound,1157933,2021-06-03, wound  
wound,1157933,2021-06-12, wound  wound
wound,1158774,2022-06-13, wound  
wound,1159526,2019-12-31,hv x 2 to collect for 4/12 imms+ech.  not home   dog bite - wound
wound,1159526,2022-04-26, puncture wound of ankle  
wound,1159526,2022-05-16, wound lice infestation 
wound,1185117,2019-11-13,wound review   
wound,1185117,2019-11-18,wound dressing   
wound,1187073,2020-04-22,trachoma   wound
wound,1195217,2021-12-16, wound  
wound,1195217,2022-08-02, wound discharge  
wound,1195217,2023-01-30, wound  multiple boils
wound,1195217,2023-03-10, wound  
wound,1198624,2020-02-24,personal administration   wound
wound,1213628,2020-03-23,puncture wound   
wound,1298571,2023-02-15, wound infected  
wound,1298622,2022-06-14, wound dirty  
wound,1301490,2022-01-24, wound  
wound,1320464,2022-06-02, wound  
wound,1320464,2023-02-25, open wound  
wound,1442097,2018-05-25,review wound and dressing post hospital discharge and pain   
wound,1460241,2021-05-13, wound  
wound,1460241,2021-05-20, wound dirty  
wound,1499207,2021-08-24, polyarthritis  wound review
wound,1517180,2022-01-11, wound  wound
wound,1517180,2022-08-04, wound  
wound,1517738,2021-07-05, wound infected  
wound,1544320,2022-10-31, wound hyperglycaemia 
wound,1723237,2022-01-11, talipes equinovarus  infected wound
wound,1723237,2022-12-08, wound  
wound,1773039,2022-09-13, wound  wound
wound,1969011,2022-05-09, wound  
bite,19030,2017-07-12,dog bite (minor)   
bite,19243,2020-02-06,fly bite   
bite,19243,2021-12-30, dog bite  
bite,19630,2021-01-15, snake bite  
bite,19675,2019-03-20,dog bite   
bite,19675,2021-05-19, fly bite  
bite,19675,2022-12-19, bite of spider  
bite,19738,2021-01-04, insect bite  
bite,19771,2021-12-24, snake bite  
bite,20102,2020-05-18,rash   insect bite
bite,20102,2021-11-22, insect bite  
bite,20180,2021-11-02, human bite cellulitis of arm 
bite,20265,2022-06-03, human bite - wound  
bite,20293,2020-03-21,bite   
bite,20320,2019-01-07,? snake bite   
bite,20392,2018-01-14,?snake bite   
bite,20398,2022-10-17, dog bite  
bite,20404,2020-02-05,fly bite   
bite,20404,2020-06-29,headache   insect bite
bite,20515,2020-02-19,eye disorder   fly bite
bite,20515,2022-02-02, fly bite  
bite,20906,2023-01-10, bite  
bite,21148,2017-06-16,human bite   
bite,21221,2020-01-25,scorpian bite   
bite,21250,2018-01-04,spider bite wound   
bite,21276,2021-08-10, bite  
bite,21328,2021-12-22, bite - wound  
bite,21328,2021-12-30, bite - wound  
bite,21328,2022-02-09, snake bite  
bite,21374,2017-03-15,? snake bite   
bite,23278,2020-04-07,hv - not in mulan   snake bite
bite,49135,2020-01-23,dog bite   tongue ulceration
bite,188111,2022-09-27, bite  
bite,205504,2017-06-03,"laceration head, bite neck, laceration face   "
bite,205559,2019-10-28,? snake bite   
bite,205638,2020-01-23,dog bite   dog bite
bite,206035,2018-05-18,dog bites   
bite,206035,2022-05-10, fly bite  
bite,206035,2022-06-09, fly bite  
bite,211444,2021-04-11, dog bite  
bite,240629,2022-02-16, fly bite  
bite,242449,2019-09-17,snake bite (finding)   
bite,242449,2021-01-02, snake bite  
bite,243169,2019-11-18,dog bite dressing and ecg changes   
bite,255260,2019-09-11,dog bite   
bite,256665,2017-01-04,insect bite on face   
bite,271428,2022-05-12, fly bite  fly bite
bite,304248,2022-01-18, fly bite  
bite,332387,2018-11-20,? snake bite   
bite,365633,2021-09-30, human bite  
bite,498069,2021-05-14, fly bite  
bite,586449,2020-01-21,   blackfly bite
bite,590016,2020-01-18,review post fly bite   fly bite
bite,678073,2021-06-03, bite  animal bite of finger
bite,711928,2022-12-01, fly bite  
bite,737755,2017-12-30,insect  bites   
bite,738268,2017-01-25,mosquito bites and teething   
bite,774511,2019-12-21,snakebite   
bite,932943,2021-06-01, fly bite head lice 
bite,932943,2022-04-27, fly bite covid-19 flu vax/bloods
bite,936131,2022-07-29, dog bite  dog bite
bite,975325,2022-04-07, fly bite head lice 
bite,1158774,2020-08-24,immunisation overdue   dog bite
bite,1159526,2019-12-31,hv x 2 to collect for 4/12 imms+ech.  not home   dog bite - wound
bite,1305690,2023-01-22, snake bite  nil abnormal on examination
bite,1517180,2021-12-12, bite  
bite,1710204,2021-11-24, bite of bug  
bite,1733223,2022-11-28, fly bite  
bite,1733223,2022-12-05, fly bite  fly bite
bite,1925494,2022-04-04, fly bite  eye swelling
bite,2079080,2022-11-21, bite  
boil,11086,2021-05-03, boil  
boil,11086,2021-10-15, boil  
boil,11086,2023-02-08, boil of ankle  
boil,18549,2017-03-14,boil r) lower leg   
boil,19030,2017-01-30,skin sores and boil   
boil,19030,2017-02-06,boils and skin sores   
boil,19243,2022-03-08, boil  
boil,19294,2021-12-10, boil  
boil,19357,2020-01-14,boil   boil
boil,19446,2019-12-18,boil left leg   type 2 diabetes mellitus
boil,19568,2022-06-03, boil  
boil,19568,2022-10-24, boil of elbow  
boil,19675,2022-03-10, boil  
boil,19680,2021-09-17, boil  boil
boil,19692,2019-06-05,boil   
boil,19692,2019-09-17,boil of anus   
boil,19692,2019-10-08,boil   
boil,19692,2020-09-09,boil of axilla   
boil,19692,2021-01-04, boil  boil
boil,19692,2021-04-27, boil  
boil,19692,2022-07-12, boil  
boil,19770,2017-02-08,boil and skin sore to feet   
boil,19770,2019-09-27,boil of groin   
boil,19770,2019-10-23,boil of upper limb   
boil,20036,2017-05-09,boils   
boil,20051,2018-07-13,boil of thigh   
boil,20051,2018-12-03,boil - right upper thigh and right forearm   
boil,20058,2019-11-14,boil   
boil,20102,2017-06-06,boil   
boil,20102,2017-07-18,boils   
boil,20102,2017-07-27,impetigo + boil.   
boil,20102,2018-10-03,boil of buttock   
boil,20102,2019-03-11,boil of breast   
boil,20102,2019-07-22,boil of breast and daa   
boil,20102,2019-11-22,telehealth and boil   
boil,20102,2021-05-13, boil of back  
boil,20102,2021-12-14, healthy adult boil of axilla 
boil,20180,2020-11-17, boil of back erectile dysfunction erectile dysfunction
boil,20202,2022-12-29, boil  
boil,20202,2023-01-03, boil  
boil,20223,2019-12-03,boil   
boil,20223,2020-03-23,   boil
boil,20223,2022-03-01, boil  
boil,20223,2022-10-21, multiple boils  
boil,20265,2017-11-17,boil   
boil,20265,2018-04-26,daily wound dressing (post boil) and for review   
boil,20265,2018-11-23,boils   
boil,20265,2018-11-29,"recurring skin boils, review,dressing and daa   "
boil,20265,2019-04-09,"review wound, medication  and boil   "
boil,20265,2019-08-09,boil of forearm   
boil,20265,2021-04-29, boil  
boil,20293,2020-02-06,sore left heel   boil
boil,20303,2018-03-08,for review and dressing of wound from boil   
boil,20319,2017-01-20,boil - right thigh   
boil,20320,2020-05-11,boil of anus   boil of anus
boil,20320,2021-10-25, medication given boil of axilla 
boil,20371,2019-09-25,boil   
boil,20371,2019-10-03,skin sores and boils   
boil,20392,2017-06-09,boil on buttocks   
boil,20398,2017-11-08,nimenrix imms and boil   
boil,20398,2020-09-02,boil of axilla   medication given
boil,20398,2023-01-18, boil  
boil,20404,2021-12-14, medication given boil of foot 
boil,20459,2017-06-20,boil   
boil,20459,2017-07-03,boil on arm   
boil,20515,2021-09-29, boil of buttock  
boil,20515,2022-04-26, dentalgia wound healing well boil of axilla
boil,20515,2022-11-07, multiple boils  
boil,20515,2022-11-17, boil of thumb  
boil,20515,2022-11-21, boil of thumb  
boil,20746,2017-05-25,boil (r) forearm   
boil,20797,2020-10-15, lump on neck  boil
boil,20906,2023-02-21, leg pain  boils of multiple sites
boil,20926,2020-09-03,multiple boils   
boil,20958,2017-07-12,boil on l)shin   
boil,20958,2017-07-21,painful boil   
boil,21155,2021-11-13, boil  
boil,21200,2017-07-19,boil   
boil,21210,2017-01-20,boils - right outer aspect of thigh   
boil,21356,2022-12-13, weight finding  boil
boil,23176,2021-12-13, self-harm boil of knee 
boil,23176,2021-12-23, healthy adolescent boil 
boil,48815,2018-01-08,for iron treatment and boils   
boil,55122,2022-02-15, boil rash present boil
boil,156471,2017-02-15,"boil, medication and atsi health check   "
boil,156471,2018-02-26,boil and skin sores   
boil,156471,2019-12-17,boil   uti - urinary tract infection
boil,205487,2018-08-28,boils and daa   
boil,205487,2020-10-26, boil of upper arm and forearm  
boil,205487,2020-11-02, boil of forearm  
boil,205559,2021-11-11, multiple boils  
boil,205605,2018-03-26,? boil   
boil,205605,2021-08-31, multiple boils  mild fatty liver
boil,205638,2017-07-10,"boils, skin sores and anemia   "
boil,205972,2017-04-21,boil   
boil,205972,2018-04-22,boils to scalp   
boil,206035,2020-09-29, boil medication given urti - viral upper respiratory tract infection
boil,206035,2020-10-12, boil of forearm  
boil,236588,2018-09-13,scabies and boil   
boil,240629,2021-03-18, medication given  boil
boil,255260,2017-01-05,dressings for boil   
boil,255260,2019-04-05,boil and pathology   
boil,255260,2020-02-24,boil   boil
boil,255260,2023-02-15, boil  
boil,268652,2023-01-25, multiple boils  multiple boils
boil,278986,2020-07-22,boil   
boil,348887,2017-03-13,boil r) foot   
boil,365633,2019-12-07,carbuncle/boil   
boil,432071,2021-11-09, boils of multiple sites  
boil,434479,2017-06-27,? boil / abscess   
boil,480818,2018-03-28,boil and atsi child health check and pip form   
boil,498069,2017-02-15,boil and low hb ( poc)   
boil,498069,2017-02-28,boils and skin sores   
boil,498069,2017-07-18,boils   
boil,498069,2017-12-29,boils   
boil,498069,2018-01-08,boil for review and lost of appetite   
boil,498069,2018-02-27,weight review and boil   
boil,498069,2018-03-15,boils and weight review   
boil,498069,2021-02-22, boil of buttock  
boil,498069,2022-01-20, multiple boils  
boil,525424,2022-10-07, boil of elbow  
boil,525424,2023-01-19, boil  
boil,525424,2023-01-23, boil  
boil,525928,2017-01-17,"boil, csom & child health check(715)   "
boil,564832,2018-02-28,weight review and boil   
boil,564832,2020-10-19, boil  
boil,590016,2023-01-31, boils of multiple sites  foreign body
boil,598845,2019-09-06,boil of buttock   
boil,598845,2021-01-19, knee pain  boil of knee
boil,598845,2021-05-17, multiple boils  
boil,700478,2018-01-07,boil to left knee   
boil,711928,2017-02-14,fever and boil   
boil,711928,2020-04-14,boil   sore on skin
boil,711928,2023-01-03, boil  
boil,711928,2023-01-09, boils of multiple sites  subacromial bursitis
boil,711928,2023-02-08, boil of ankle  
boil,735996,2018-09-18,boils   
boil,736622,2021-05-04, multiple boils graze 
boil,738268,2018-03-23,boil of buttock   
boil,738268,2022-05-09, multiple boils  
boil,738268,2022-09-13, medication given  boil of back
boil,751817,2018-02-02,review to boils to r knee   
boil,751817,2020-01-09,boil   admin - not seen (thyroid us ordered)
boil,751817,2020-07-02,sore skin   boil of buttock
boil,792773,2021-11-15, multiple boils  
boil,823369,2019-03-15,boil of left lower leg   
boil,830440,2022-05-26, multiple boils  
boil,835142,2020-12-03, injection given  boil of buttock
boil,932943,2019-01-29,boil of breast   
boil,936131,2021-12-30, boil of buttock  
boil,936131,2022-01-03, boil of buttock  
boil,936131,2022-06-19, boil  
boil,936131,2022-07-06, boil  
boil,953331,2022-12-29, skin sores/ boils  
boil,953331,2023-01-03, skin sores/ boils  
boil,975325,2022-11-01, boil  
boil,1025924,2020-05-05,boil of axilla   
boil,1025924,2020-11-09, boil  
boil,1045423,2023-01-09, otitis externa boil 
boil,1045423,2023-01-17, boil  
boil,1048271,2019-11-14,multiple boils   
boil,1120602,2021-05-25, boil of flank  
boil,1159526,2022-05-26, vaccination given vaccination given boil of back
boil,1195217,2021-07-26, boil  
boil,1195217,2021-10-17, boil  
boil,1195217,2023-01-30, wound  multiple boils
boil,1195217,2023-02-16, multiple boils  
boil,1198624,2020-01-14,boil of forearm   
boil,1213628,2020-10-27, boil  
boil,1298571,2022-02-07, boil  
boil,1773039,2023-02-02, boil  
boil,1781378,2022-12-14, boil  boil
abscess,18465,2021-10-05, pilonidal abscess  
abscess,18472,2021-06-16, skin abscess  skin abscess
abscess,18875,2017-10-30,dental abscess   
abscess,19030,2020-01-07,abscess   abscess
abscess,19159,2021-01-05, abscess diabetes sepsis
abscess,19626,2017-09-13,for review of lump/abscess - rt leg   
abscess,19692,2021-01-05, abscess for migraine 
abscess,19770,2022-08-16, abscess of foot  
abscess,20102,2020-12-15, abscess of breast  left breast lump
abscess,20102,2021-04-12, abscess of breast  
abscess,20102,2021-05-04, abscess of breast  respects others
abscess,20102,2021-06-15, abscess of breast  periductal mastitis
abscess,20202,2023-01-29, dental abscess  
abscess,20404,2020-04-17,abscess of breast   
abscess,20515,2019-12-18,review abscessed hand   
abscess,20515,2022-05-28, dental abscess  
abscess,20913,2018-05-28,dental abscess and atsi adult health check   
abscess,21155,2019-05-24,for administration of iv antibiotics for left groin ? abscess   
abscess,21275,2020-05-05,dental abscess   
abscess,21345,2020-03-17,dental abscess   repeated prescription
abscess,205487,2020-02-10,tooth abscess   
abscess,255260,2022-11-28, dental abscess  
abscess,255974,2022-05-23, dental abscess  
abscess,434479,2017-06-27,? boil / abscess   
abscess,525928,2017-01-22,pain to abdomen ( abscess )   
abscess,590016,2022-09-13, abscess  
abscess,598845,2021-04-19, abscess  
abscess,751817,2020-03-05,multiple complaints   tooth abscess
abscess,751817,2020-07-04,wound abscess   
abscess,763405,2019-10-28,abscess   
abscess,814962,2021-12-21, abscess  
abscess,930170,2021-03-03, skin abscess  
abscess,936131,2021-12-16, tooth abscess  
abscess,936131,2022-01-04, abscess  
abscess,1201340,2020-02-11,acute non-puerperal breast abscess   abscess of breast
abscess,1213628,2020-09-08,foot injury   dental abscess
abscess,1301490,2021-12-23, abscess  
abscess,1460241,2021-05-18, skin abscess  
skin,8349,2022-12-06, skin disease  
skin,11086,2020-02-17,wound   wound of skin (disorder)
skin,11086,2020-02-28,sore on skin   sore on skin
skin,11086,2021-09-28, sore on skin  
skin,11086,2021-10-04, sore on skin  
skin,11086,2023-03-01, sore skin healthy adult 
skin,17169,2022-01-27, skin breakdown medication given 
skin,17219,2020-01-07,pregnancy plannning   skin sores
skin,18472,2021-06-16, skin abscess  skin abscess
skin,18541,2017-09-11,injury and skin sore   
skin,18551,2018-10-29,skin rashes and itchiness and atsi adult health check   
skin,18561,2017-06-13,itchy skin + haemmorhoids.   
skin,18561,2018-03-06,diarrhea and itchy skin   
skin,19030,2017-01-30,skin sores and boil   
skin,19030,2017-02-06,boils and skin sores   
skin,19030,2017-03-03,skin sores and dry skin   
skin,19030,2017-03-10,skin sores to left leg   
skin,19030,2019-10-01,skin sores   
skin,19153,2018-01-09,"va, ahc and skin sores to left hand and right middle finger   "
skin,19153,2023-03-28, skin lesion  
skin,19243,2020-01-23,sore skin   
skin,19294,2019-11-12,skin lac and pre-pregnancy counselling   
skin,19357,2018-03-09,skin rashes   
skin,19446,2020-03-09,sore on skin   sore on skin
skin,19562,2020-04-08,skin breakdown   
skin,19568,2018-06-26,skin impetigo   
skin,19568,2021-03-10, sore skin  
skin,19630,2023-01-10, skin infection scabies 
skin,19648,2020-11-18, skin infection  
skin,19675,2021-04-20, sebaceous cyst of skin  skin infection
skin,19675,2022-06-20, skin infection  
skin,19675,2022-12-01, lump of skin  inr
skin,19675,2022-12-12, skin sores  
skin,19680,2021-08-02, skin breakdown  
skin,19692,2020-02-04,multiple complaints   itchy skin eruption
skin,19770,2017-02-08,boil and skin sore to feet   
skin,19903,2017-11-16,skin sores and discharges from right ear   
skin,19977,2017-01-24,infected wound - left big toe and  skin sores - right leg   
skin,19977,2020-07-07,skin breakdown   skin infection
skin,20017,2021-06-21, sore on skin  
skin,20040,2021-11-10, skin breakdown  
skin,20180,2022-10-12, medication given sore on skin 
skin,20202,2017-06-19,infected skin sores - right lower leg   
skin,20223,2021-12-24, skin breakdown  
skin,20265,2018-02-28,skin sores to left thigh   
skin,20265,2018-05-07,"atsi adult health check, daa and skin sores   "
skin,20265,2018-11-29,"recurring skin boils, review,dressing and daa   "
skin,20265,2018-12-04,"for review of skin post treatment, daa and dry skin   "
skin,20265,2021-08-24, medication given dry skin 
skin,20265,2021-12-30, vaccination given dry skin 
skin,20303,2019-03-20,stoned bruise and cracked skin   
skin,20320,2019-11-13,"bp check, smoking cessation, weight management + skin chaffing   "
skin,20333,2021-12-16, skin breakdown  
skin,20371,2019-10-03,skin sores and boils   
skin,20398,2020-05-11,skin clean   skin clean
skin,20401,2017-01-23,skin sores   
skin,20404,2021-01-05, wound infected  skin infection
skin,20515,2021-02-16, skin infection soft tissue infection 
skin,20515,2022-01-10, medication given itching of skin 
skin,20515,2022-02-23, vaccination given  skin plaque
skin,20683,2017-06-07,"infection skin, ankle   "
skin,20771,2020-02-27,sore on skin   sore on skin
skin,20906,2018-09-27,daa and skin rashes   
skin,20906,2023-04-04, sore skin itching of vagina 
skin,20958,2019-12-24,tinea cruris   skin infection
skin,21099,2022-09-08, type 2 diabetes  skin infection
skin,21101,2021-07-27, personal administration  skin infection
skin,21148,2022-09-07, sore on skin  
skin,21155,2019-05-19,skin infection   
skin,21155,2019-05-25,for review of skin abscess to left groin.   
skin,21172,2020-05-18,skin disease   ckd stage 5
skin,21172,2020-05-28,itching of skin   fungal dermatitis
skin,21200,2020-04-02,asking for  amitriptyline   
skin,21250,2019-12-17,itchy skin   
skin,21271,2022-03-01, sore on skin  well child
skin,21271,2022-04-29, skin infection  
skin,21276,2021-12-31, sore skin  
skin,21345,2023-01-25, skin irritation  
skin,21883,2019-10-24,skin sores   
skin,23169,2017-11-20,skin sores   
skin,23169,2018-05-14,sore throat and skin sores   
skin,23169,2019-07-15,sore eyes and skin rashes   
skin,23176,2020-06-22,laceration of skin of hand   laceration of skin of hand
skin,42428,2022-04-11, tonsillitis skin infection 
skin,49135,2017-04-11,skin sores   
skin,49135,2018-04-30,skin sores and iron treatment   
skin,49882,2017-06-08,skin sore + rv   
skin,49882,2017-07-20,itchy skin   
skin,50994,2022-12-07, skin infestation  
skin,51281,2021-08-31, wound of skin  infected wound
skin,54711,2021-02-16, skin infestation  
skin,55122,2022-03-03, skin eruption  
skin,156471,2018-02-26,boil and skin sores   
skin,188111,2018-05-30,skin sores and iron treatment   
skin,204053,2022-04-28, sore skin  
skin,205487,2020-01-20,itching of skin   
skin,205487,2020-05-04,sore on skin   sore skin
skin,205487,2020-05-11,sore on skin   sore on skin
skin,205487,2020-09-09,sore skin   
skin,205559,2018-05-28,skin sores   
skin,205601,2020-05-04,skin breakdown   
skin,205601,2021-06-10, sore on skin  
skin,205638,2017-07-10,"boils, skin sores and anemia   "
skin,205972,2018-04-23,for review of skin sores and boils   
skin,211444,2020-01-23,infected skin sores   
skin,211444,2020-05-19,sore on skin   sore on skin
skin,211569,2019-08-12,skin sores and atsi child health check   
skin,255038,2020-04-22,pimple of skin   
skin,255260,2017-02-15,itchy skin on legfs   
skin,255260,2018-10-04,daa and itchy skin   
skin,255260,2022-03-16, excoriation of skin  
skin,255260,2022-07-18, dry skin  
skin,255952,2020-11-05, itching of skin  infestation
skin,268652,2017-02-27,"dry skin, pain to lower limbs and common cols   "
skin,268652,2018-08-27,daa and dry skin   
skin,268652,2020-04-21,skin irritation   
skin,268652,2021-04-14, pathology specimen submitted  skin infection
skin,268652,2021-05-11, dry skin  
skin,274017,2019-12-03,medication check   skin sores
skin,284247,2020-03-25,   skin sores
skin,302350,2019-10-08,skin sores   
skin,365633,2022-02-15, ear pain skin rash otitis externa
skin,371176,2020-11-30, skin infection skin infection 
skin,416467,2020-02-24,sore on skin   trachomatous granular conjunctivitis
skin,454424,2020-03-20,skin dirty   
skin,454424,2020-08-31,sore on skin   impetigo
skin,454424,2021-02-19, sore skin cough 
skin,454424,2022-03-17, sore on skin  chronic disease
skin,454424,2022-10-10, sore on skin  
skin,469059,2018-09-28,skin sores   
skin,488644,2020-02-24,skin irritation   
skin,498069,2017-02-28,boils and skin sores   
skin,498069,2019-10-02,skin sores   
skin,510840,2021-11-12, sore skin  scalp infection
skin,525424,2021-10-15, hot oil burn of skin  
skin,525928,2021-04-28, under care of physiotherapist  skin sores
skin,525928,2022-01-18, skin breakdown  
skin,532015,2020-04-09,skin infection   
skin,558355,2022-02-22, sore on skin  
skin,558355,2022-11-08, urine finding sore skin 
skin,564832,2017-01-23,infected skin sores   
skin,564832,2017-03-07,skin sores and infected wound.   
skin,564832,2017-04-21,skin sore and anaemia   
skin,564832,2017-04-27,"dcp -  weight, skin, anaemia protocol   "
skin,564832,2020-06-16,sore on skin   impetigo
skin,575397,2021-07-13, reflux esophagitis  sore on skin
skin,586449,2018-03-27,skin sores and deworming   
skin,590016,2018-07-05,skin sores   
skin,590016,2020-10-29, skin lesion  
skin,590016,2022-07-11, sore on skin  
skin,590016,2023-01-31, skin infection  
skin,598845,2017-05-25,skin infection   
skin,598845,2020-01-21,skin sores   
skin,598845,2021-01-21," blister of knee, infected  skin infection"
skin,598845,2021-02-15, infected skin sores  
skin,598845,2021-04-08, skin infection  
skin,598845,2022-02-07, sore on skin ear finding 
skin,598845,2023-02-23, infected skin sores  
skin,678073,2020-03-25,   skin lesions dorsum hand for megan to biopsy as planned
skin,711928,2020-04-14,boil   sore on skin
skin,711928,2021-07-18, tingling of skin  
skin,735996,2017-04-26,skin sores and child health check   
skin,735996,2017-05-16," skin sores, sore eye and diarhoea   "
skin,735996,2018-08-29,skin rashes   
skin,737755,2020-03-24,lacerated lip ? tooth injury   sore skin
skin,737755,2022-02-07, skin infection  
skin,738268,2018-11-26,for review of ears and skin sores   
skin,738268,2022-02-02, sore skin  
skin,738268,2022-03-09, sore on skin  
skin,751817,2017-05-01,"weight, skin and trachoma screening   "
skin,751817,2017-05-15,"weight, skin and hb check   "
skin,751817,2020-07-02,sore skin   boil of buttock
skin,751817,2020-07-07,sore on skin   sore on skin
skin,751817,2020-09-24, skin problem  hepatitis c
skin,797137,2018-05-21,skin rashes   
skin,797137,2023-04-04, sore skin  
skin,830440,2021-06-09, sore on skin  hyperglycaemia
skin,830440,2022-07-11, sore skin  
skin,830440,2023-01-24, skin infection  
skin,930170,2019-11-18,skin sores   
skin,930170,2020-04-02,skin infection   
skin,930170,2020-11-16, skin infection  impetigo
skin,930170,2021-03-03, skin abscess  
skin,930170,2021-12-21, skin breakdown  
skin,930170,2022-01-31," open wound foot, dorsum  skin infection"
skin,932943,2019-11-04,skin sores   
skin,932943,2019-11-21,review mrsa skin sores   
skin,953331,2022-12-29, skin sores/ boils  
skin,953331,2023-01-03, skin sores/ boils  
skin,958969,2021-06-17, sore on skin  sore on skin
skin,1025924,2019-10-10,antenatal g 8+/40 (re 1st trimester screen-harmoney nipt-r/o skin tag-other bloods lft et al   
skin,1025924,2019-10-15,results/ removal of skin tag   
skin,1025924,2020-02-11,antenatal visit   junctional melanocytic nevus of skin
skin,1069158,2019-09-19,skin sores   
skin,1073615,2019-05-24,review skin graft   
skin,1073615,2019-09-23,neck skin sore   
skin,1157933,2019-10-01,8 week asq trak/ eachs complete. skin r/v   
skin,1157933,2019-11-20,review skin sores   
skin,1157933,2020-03-03,sore on skin   scabies
skin,1157933,2020-03-20,skin infection   
skin,1157933,2023-01-03, skin infection  
skin,1158774,2019-11-19,skin problems + flu vax administration   
skin,1159526,2020-02-04,cold symptoms   itchy skin eruption
skin,1159526,2022-09-07, anaemia  skin infection
skin,1160731,2019-10-28,painful r hand/skin scraps   
skin,1168128,2021-12-20, skin breakdown  
skin,1187073,2020-03-05,sore on skin   scabies
skin,1187073,2020-03-11,skin disease   
skin,1187073,2020-03-23,skin breakdown   
skin,1187073,2020-04-20,laceration of skin   
skin,1195217,2021-07-18, sore on skin  
skin,1195217,2022-12-20, skin infection  
skin,1195217,2023-01-11, skin integrity impairment  
skin,1245270,2017-05-02,"urti, skin sores and anaemia   "
skin,1305690,2020-12-07, sore on skin  
skin,1320464,2022-07-11, skin infection  
skin,1320464,2022-11-10, sore skin  
skin,1320464,2022-12-15, sore on skin  sore on skin
skin,1320464,2023-04-03, sore skin  
skin,1460241,2021-05-18, skin abscess  
skin,1487947,2023-03-30, sore skin  lethargy
skin,1504852,2021-08-05, skin lesion  female pelvic organ prolapse
skin,1504852,2021-08-12, skin lesion  
skin,1517180,2022-10-17, medication given  skin infection
skin,1723237,2022-08-12, skin breakdown  skin breakdown
skin,1723237,2022-08-30, skin breakdown  
skin,1773039,2023-01-25, sore on skin  
skin,1969011,2022-11-15, skin infection  
skin,2015990,2022-10-11, sore skin  
rash,17169,2022-05-31, nocturia rash chronic disease
rash,18551,2018-10-29,skin rashes and itchiness and atsi adult health check   
rash,19357,2018-01-02,fungal rashes   
rash,19357,2018-03-09,skin rashes   
rash,19446,2019-10-07,penile itch and rashes   
rash,19675,2021-04-30, rash  
rash,19675,2021-05-20, rash  
rash,19692,2020-04-02,rash   personal administration
rash,19977,2020-02-25,rash   proteinuria
rash,19977,2020-09-29, rash  
rash,19977,2020-10-06, rash  
rash,20102,2020-05-18,rash   insect bite
rash,20102,2021-06-14, rash  ringworm
rash,20135,2022-11-08, medication given rash 
rash,20653,2017-11-21,thrush and rash to the  right finger   
rash,20906,2018-09-27,daa and skin rashes   
rash,20958,2021-05-07, rash  
rash,21250,2019-12-03,rash/lump on penis   
rash,23169,2019-07-15,sore eyes and skin rashes   
rash,54711,2020-03-06,rash   pregnancy
rash,55122,2022-02-15, boil rash present boil
rash,205487,2020-10-27, rash  urticaria
rash,205559,2017-12-29,rash   
rash,255260,2017-11-21,rashes - thighs   
rash,255974,2021-07-13, rash  
rash,365633,2022-02-15, ear pain skin rash otitis externa
rash,564832,2020-08-31,on examination - rash present   fungal dermatitis
rash,735996,2018-08-29,skin rashes   
rash,774511,2018-01-31,rash on face   
rash,797137,2017-06-28,cough and nappy rash   
rash,797137,2018-05-21,skin rashes   
rash,811786,2017-04-03,urticarial rash   
rash,823363,2018-04-19,rash   
rash,823369,2017-11-01,"fungal rash, pain and constipation   "
rash,823369,2018-07-03,"fungal rash ,atsi health check and influenza vaccination   "
rash,930170,2020-07-07,anaemia   rash
rash,930170,2020-11-26, anaemia  rash
rash,930170,2021-03-08, rash  
rash,943841,2021-06-03, rash of genitalia  
rash,1073615,2019-02-04,for weigh check and nappy rash   
rash,1073615,2019-09-19,iron treatment/rash   
rash,1120602,2019-09-10,review rash   
rash,1159526,2020-01-06,diaper rash   
rash,1159526,2020-03-16,rash of genitalia   dry cough
rash,1159526,2020-05-25,rash   
rash,1159526,2021-08-08, rash  
rash,1180595,2019-10-23,rash to trunk/vomit/dry retching   
rash,1263097,2020-08-12,rash   
rash,1320464,2021-04-22, diarrhoea rash 
rash,1320464,2021-07-13, nappy rash  
rash,1503369,2021-09-17, rash  
rash,1682157,2022-03-10, rash  
rash,1969011,2022-04-19, rash miliaria crystallina 
sores,17219,2019-12-17,multiple sores   
sores,17219,2020-01-07,pregnancy plannning   skin sores
sores,18549,2017-03-20,sores right leg   
sores,19030,2017-01-30,skin sores and boil   
sores,19030,2017-02-06,boils and skin sores   
sores,19030,2017-03-03,skin sores and dry skin   
sores,19030,2017-03-10,skin sores to left leg   
sores,19030,2019-10-01,skin sores   
sores,19153,2018-01-09,"va, ahc and skin sores to left hand and right middle finger   "
sores,19675,2019-07-25,cold sores and cough   
sores,19675,2020-01-13,scalp sores   scalp sores
sores,19675,2022-12-12, skin sores  
sores,19692,2020-04-21,back pain   sores
sores,19692,2022-08-22, swollen calf  head sores & lice
sores,19903,2017-11-16,skin sores and discharges from right ear   
sores,19977,2017-01-24,infected wound - left big toe and  skin sores - right leg   
sores,20202,2017-06-19,infected skin sores - right lower leg   
sores,20265,2018-02-28,skin sores to left thigh   
sores,20265,2018-05-07,"atsi adult health check, daa and skin sores   "
sores,20304,2017-12-15,sores on l hand   
sores,20371,2019-10-03,skin sores and boils   
sores,20401,2017-01-23,skin sores   
sores,20653,2021-11-15, cessation of smoking  infected sores
sores,21883,2019-10-24,skiin sores and scabies   
sores,21883,2019-10-28,review sores   
sores,23169,2017-11-20,skin sores   
sores,23169,2018-05-14,sore throat and skin sores   
sores,49135,2017-04-11,skin sores   
sores,49135,2017-07-24,infected sores   
sores,49135,2017-10-20,infected sores   
sores,49135,2018-04-30,skin sores and iron treatment   
sores,49419,2017-07-26,review of sores.   
sores,49882,2017-06-06,sores   
sores,156471,2018-02-26,boil and skin sores   
sores,188111,2018-05-30,skin sores and iron treatment   
sores,205559,2018-05-28,skin sores   
sores,205605,2019-12-10,sores on left arm   
sores,205638,2017-07-10,"boils, skin sores and anemia   "
sores,205638,2018-01-09,wt bp/ aspgn/ sores in head from lice   
sores,205972,2018-04-23,for review of skin sores and boils   
sores,211444,2020-01-23,infected skin sores   
sores,211569,2019-08-12,skin sores and atsi child health check   
sores,274017,2019-12-03,medication check   skin sores
sores,284247,2020-03-25,   skin sores
sores,302350,2019-10-08,skin sores   
sores,469059,2018-09-28,skin sores   
sores,469059,2019-12-27,infected sores   impetigo
sores,480818,2018-03-19,multiple sores   
sores,498069,2017-02-28,boils and skin sores   
sores,498069,2019-10-02,skin sores   
sores,525928,2021-04-28, under care of physiotherapist  skin sores
sores,564832,2017-01-23,infected skin sores   
sores,564832,2017-03-07,skin sores and infected wound.   
sores,564832,2019-09-18,review infected sores   
sores,564832,2019-10-24,sores and scabies   
sores,564832,2019-10-28,review sores   
sores,564832,2020-01-28,sores   sores
sores,586449,2018-03-27,skin sores and deworming   
sores,590016,2018-07-05,skin sores   
sores,590016,2020-01-13,scalp sores   scalp sores
sores,598845,2020-01-21,skin sores   
sores,598845,2021-02-15, infected skin sores  
sores,598845,2023-02-23, infected skin sores  
sores,631183,2020-04-16,cold sores   
sores,711928,2017-07-11,sores   
sores,711928,2021-02-18, infected sores  
sores,711928,2022-04-19, infected sores  
sores,711928,2023-01-23, infected sores  
sores,735996,2017-04-26,skin sores and child health check   
sores,735996,2017-05-16," skin sores, sore eye and diarhoea   "
sores,737755,2017-10-17,sores   
sores,738268,2018-11-26,for review of ears and skin sores   
sores,751817,2019-10-24,recurrent sores and scabies   
sores,751817,2019-10-28,review sores/iron treatment   
sores,790358,2020-01-30,sores   
sores,792773,2017-05-22,sores on leg   
sores,930170,2019-11-18,skin sores   
sores,932943,2019-11-04,skin sores   
sores,932943,2019-11-21,review mrsa skin sores   
sores,953331,2019-10-23,sores   
sores,953331,2022-12-29, skin sores/ boils  
sores,953331,2023-01-03, skin sores/ boils  
sores,1048622,2019-09-25,sores   
sores,1069158,2019-09-19,skin sores   
sores,1157933,2019-11-20,review skin sores   
sores,1157933,2020-04-09,sores+low hb   normal blood pressure
sores,1159526,2020-01-08,pain   infected sores
sores,1245270,2017-05-02,"urti, skin sores and anaemia   "
impetigo,19294,2023-02-23, impetigo  healthy child
impetigo,19568,2018-06-26,skin impetigo   
impetigo,19630,2021-06-08, wound infected fever impetigo
impetigo,19630,2022-03-10,   impetigo
impetigo,20018,2020-11-24, impetigo impetigo 
impetigo,20102,2017-07-27,impetigo + boil.   
impetigo,20515,2021-10-05, blister of finger  bullous impetigo
impetigo,20861,2020-05-14,   impetigo
impetigo,21099,2022-02-15, impetigo  
impetigo,21221,2021-08-03, impetigo  
impetigo,21276,2022-01-20, impetigo wound dirty 
impetigo,21284,2022-07-27, impetigo  
impetigo,21284,2022-08-01, impetigo  impetigo
impetigo,21884,2020-03-03,immunisation due   impetigo
impetigo,22607,2020-05-28,impetigo   
impetigo,48815,2017-06-15,impetigo   
impetigo,49135,2023-01-30, impetigo  
impetigo,49419,2017-04-18,impetigo   
impetigo,205559,2020-05-18,impetigo   
impetigo,205601,2022-01-06, impetigo  
impetigo,211444,2022-10-19, impetigo  
impetigo,230023,2023-02-10, impetigo  
impetigo,413293,2020-04-04,impetigo   anaemia
impetigo,432071,2023-02-08, impetigo  
impetigo,454424,2020-08-31,sore on skin   impetigo
impetigo,469059,2019-12-27,infected sores   impetigo
impetigo,485211,2021-03-31, medication requested  impetigo
impetigo,498069,2021-08-03, medication given  impetigo fever
impetigo,564832,2020-06-16,sore on skin   impetigo
impetigo,564832,2020-07-22,impetigo   
impetigo,589875,2020-07-28,impetigo   
impetigo,598845,2021-05-17, impetigo  
impetigo,621191,2021-10-19, impetigo  
impetigo,711928,2021-08-17, impetigo  
impetigo,735996,2018-04-04,impetigo   
impetigo,737755,2017-11-20,otitis media and impetigo   
impetigo,751817,2019-10-31,impetigo   
impetigo,930170,2020-11-16, skin infection  impetigo
impetigo,975325,2022-03-15, impetigo follicularis  
impetigo,1120602,2020-03-03,medication requested   impetigo
impetigo,1168128,2022-03-09, follow-up review of patient requested head lice impetigo
impetigo,1187073,2019-12-04,impetigo scalp & neck   
impetigo,1187073,2020-02-03,impetigo   medication given
impetigo,1195217,2023-01-18, impetigo  
impetigo,1225672,2020-08-17,personal administration   impetigo
impetigo,1320464,2022-09-02, medication given  impetigo
impetigo,1651232,2023-02-02, impetigo  
impetigo,1651232,2023-03-17, impetigo  
impetigo,1773039,2023-02-10, impetigo  
impetigo,1773048,2022-10-05, impetigo  
impetigo,2021742,2022-09-01, impetigo  
skin sores,17219,2020-01-07,pregnancy plannning   skin sores
skin sores,19030,2017-01-30,skin sores and boil   
skin sores,19030,2017-02-06,boils and skin sores   
skin sores,19030,2017-03-03,skin sores and dry skin   
skin sores,19030,2017-03-10,skin sores to left leg   
skin sores,19030,2019-10-01,skin sores   
skin sores,19153,2018-01-09,"va, ahc and skin sores to left hand and right middle finger   "
skin sores,19675,2022-12-12, skin sores  
skin sores,19903,2017-11-16,skin sores and discharges from right ear   
skin sores,19977,2017-01-24,infected wound - left big toe and  skin sores - right leg   
skin sores,20202,2017-06-19,infected skin sores - right lower leg   
skin sores,20265,2018-02-28,skin sores to left thigh   
skin sores,20265,2018-05-07,"atsi adult health check, daa and skin sores   "
skin sores,20371,2019-10-03,skin sores and boils   
skin sores,20401,2017-01-23,skin sores   
skin sores,21883,2019-10-24,skin sores   
skin sores,23169,2017-11-20,skin sores   
skin sores,23169,2018-05-14,sore throat and skin sores   
skin sores,49135,2017-04-11,skin sores   
skin sores,49135,2018-04-30,skin sores and iron treatment   
skin sores,156471,2018-02-26,boil and skin sores   
skin sores,188111,2018-05-30,skin sores and iron treatment   
skin sores,205559,2018-05-28,skin sores   
skin sores,205638,2017-07-10,"boils, skin sores and anemia   "
skin sores,205972,2018-04-23,for review of skin sores and boils   
skin sores,211444,2020-01-23,infected skin sores   
skin sores,211569,2019-08-12,skin sores and atsi child health check   
skin sores,274017,2019-12-03,medication check   skin sores
skin sores,284247,2020-03-25,   skin sores
skin sores,302350,2019-10-08,skin sores   
skin sores,469059,2018-09-28,skin sores   
skin sores,498069,2017-02-28,boils and skin sores   
skin sores,498069,2019-10-02,skin sores   
skin sores,525928,2021-04-28, under care of physiotherapist  skin sores
skin sores,564832,2017-01-23,infected skin sores   
skin sores,564832,2017-03-07,skin sores and infected wound.   
skin sores,586449,2018-03-27,skin sores and deworming   
skin sores,590016,2018-07-05,skin sores   
skin sores,598845,2020-01-21,skin sores   
skin sores,598845,2021-02-15, infected skin sores  
skin sores,598845,2023-02-23, infected skin sores  
skin sores,735996,2017-04-26,skin sores and child health check   
skin sores,735996,2017-05-16," skin sores, sore eye and diarhoea   "
skin sores,738268,2018-11-26,for review of ears and skin sores   
skin sores,930170,2019-11-18,skin sores   
skin sores,932943,2019-11-04,skin sores   
skin sores,932943,2019-11-21,review mrsa skin sores   
skin sores,953331,2022-12-29, skin sores/ boils  
skin sores,953331,2023-01-03, skin sores/ boils  
skin sores,1069158,2019-09-19,skin sores   
skin sores,1157933,2019-11-20,review skin sores   
skin sores,1245270,2017-05-02,"urti, skin sores and anaemia   "
crusted,19675,2021-05-21, wound dirty  crusted scabies
fungal,17169,2018-12-31,elevated bp and  fungal   
fungal,18509,2019-03-25,fungal infection   
fungal,19357,2018-01-02,fungal rashes   
fungal,20398,2020-04-21,fungal infection   fungal infection
fungal,20653,2019-10-01,fungal infection (ringworm)   
fungal,20906,2020-06-22,medication given   fungal infection
fungal,20958,2021-02-08, fungal infection  
fungal,21172,2020-05-28,itching of skin   fungal dermatitis
fungal,205638,2021-06-09, fungal infection  
fungal,268652,2022-07-25, medication given  fungal infection
fungal,284347,2020-11-10, fungal infection  
fungal,365633,2021-09-01, fungal infection  
fungal,564832,2020-08-31,on examination - rash present   fungal dermatitis
fungal,711928,2020-06-22,fungal infection   fungal infection
fungal,823369,2017-11-01,"fungal rash, pain and constipation   "
fungal,823369,2018-07-03,"fungal rash ,atsi health check and influenza vaccination   "
fungal,1308750,2020-11-04, fungal infection  
tinea,20245,2021-03-23,   tinea
tinea,20515,2023-01-24, tinea  
tinea,20958,2019-12-24,tinea cruris   skin infection
tinea,192648,2023-01-17, antenatal - shared care  tinea
tinea,268652,2023-01-09, personal administration  tinea corporis
tinea,284347,2020-11-03, well female adult tinea corporis 
tinea,365633,2020-10-20, eosinophilia tinea 
tinea,711928,2020-02-05,tinea   tinea
tinea,711928,2021-11-02, iron deficiency  tinea pedis
tinea,830440,2021-05-04, tinea capitis  
tinea,1504852,2021-08-05, tinea corporis  
lice,19582,2022-10-18, lice infested hair  
lice,19675,2019-10-07,? headlice   
lice,19692,2022-08-22, swollen calf  head sores & lice
lice,19977,2020-02-17,lice infested hair   lice infestation
lice,20202,2021-02-11, head lice  
lice,20319,2018-05-30,influenza vaccination and headlice   
lice,20319,2018-07-31,"atsi child health check, headlice and anaemia   "
lice,20319,2018-09-13,head lice and iron treament   
lice,20319,2018-09-28,iron treatment and headlice treatment   
lice,20319,2018-10-05,for iron treatment and head lice treatment   
lice,20398,2021-07-26, has driver's licence covid-19 vaccination - comirnaty (pfizer) 
lice,21050,2021-09-29, lice infested hair  
lice,21884,2018-08-30,headlice and nits   
lice,22607,2018-09-27,"headlice, iron treatment and influenza vaccination   "
lice,23176,2018-08-01,"anaemia, head lice and atsi child health check   "
lice,23176,2018-09-13,"iron treatment, head lice and pain   "
lice,23176,2018-10-05,head lice   
lice,48388,2018-01-02,monthly la bicillin and head lice   
lice,48388,2018-09-26,"rhd monthly bicillin , headlice and hb   "
lice,205559,2018-03-26,"head lice, for review of elevated bp and haematuria   "
lice,205638,2018-01-08,education about head lice infestation (procedure)   
lice,211569,2018-03-26,anaemia/head lice/hearing deficit   
lice,211569,2020-01-23,   head lice
lice,236588,2018-05-28,pain to right foot and headlice   
lice,369725,2019-04-01,"red eye, scabies and head lice and nits   "
lice,469059,2021-09-21, nausea present lice infestation nausea present
lice,485211,2021-04-12, medication requested head lice medication given
lice,525928,2017-07-06,iron meds and lice/scabies review.   
lice,564832,2019-10-01,head lice   
lice,564832,2020-06-20,head lice   head lice
lice,590016,2020-12-15, head lice  head lice
lice,590016,2021-11-08, lice infestation  
lice,590016,2022-07-25, head lice  
lice,618616,2017-06-14,iron + headlice + runny ears   
lice,711928,2018-09-27,monthly weight and headlice   
lice,711928,2019-08-06,head lice infestation   
lice,711928,2019-11-21,anaemia treatment recommenced + head lice   
lice,711928,2021-07-12, multiple complaints lice infestation uti - urinary tract infection
lice,737755,2018-01-12,iron treatment and head lice   
lice,737755,2022-02-16, ear ache head lice 
lice,738268,2022-07-25, head lice  
lice,751817,2020-06-10,pathology specimen submitted   head lice
lice,751817,2020-06-15,head lice   head lice
lice,751817,2020-06-20,head lice   head lice
lice,751817,2020-07-06,lice infested hair   
lice,932943,2021-06-01, fly bite head lice 
lice,953331,2018-05-28,headlice and pain to right foot   
lice,975325,2022-04-07, fly bite head lice 
lice,1159526,2022-05-16, wound lice infestation 
lice,1168128,2022-03-09, follow-up review of patient requested head lice impetigo
lice,1225672,2020-05-19,well baby   headlice
head lice,20202,2021-02-11, head lice  
head lice,20319,2018-09-13,head lice and iron treament   
head lice,20319,2018-10-05,for iron treatment and head lice treatment   
head lice,23176,2018-08-01,"anaemia, head lice and atsi child health check   "
head lice,23176,2018-09-13,"iron treatment, head lice and pain   "
head lice,23176,2018-10-05,head lice   
head lice,48388,2018-01-02,monthly la bicillin and head lice   
head lice,205559,2018-03-26,"head lice, for review of elevated bp and haematuria   "
head lice,205638,2018-01-08,education about head lice infestation (procedure)   
head lice,211569,2018-03-26,anaemia/head lice/hearing deficit   
head lice,211569,2020-01-23,   head lice
head lice,369725,2019-04-01,"red eye, scabies and head lice and nits   "
head lice,485211,2021-04-12, medication requested head lice medication given
head lice,564832,2019-10-01,head lice   
head lice,564832,2020-06-20,head lice   head lice
head lice,590016,2020-12-15, head lice  head lice
head lice,590016,2022-07-25, head lice  
head lice,711928,2019-08-06,head lice infestation   
head lice,711928,2019-11-21,anaemia treatment recommenced + head lice   
head lice,737755,2018-01-12,iron treatment and head lice   
head lice,737755,2022-02-16, ear ache head lice 
head lice,738268,2022-07-25, head lice  
head lice,751817,2020-06-10,pathology specimen submitted   head lice
head lice,751817,2020-06-15,head lice   head lice
head lice,751817,2020-06-20,head lice   head lice
head lice,932943,2021-06-01, fly bite head lice 
head lice,975325,2022-04-07, fly bite head lice 
head lice,1168128,2022-03-09, follow-up review of patient requested head lice impetigo
dermatitis,19562,2020-04-30,dermatitis   
dermatitis,19675,2021-05-11, dermatitis  
dermatitis,19675,2021-07-15, dermatitis  
dermatitis,19675,2021-07-28, dermatitis  
dermatitis,19949,2022-03-09, vaccination given  dermatitis
dermatitis,20882,2020-12-16, contraception  dermatitis
dermatitis,21172,2020-05-28,itching of skin   fungal dermatitis
dermatitis,497822,2019-08-27,contact dermatitis hands   
dermatitis,564832,2020-08-31,on examination - rash present   fungal dermatitis
eczema,20320,2020-08-04,medication given   venous eczema
eczema,206035,2022-10-27, cough  eczema
eczema,1157933,2020-02-11,   lip licking eczema
wart,20398,2020-06-08,wart   wart
wart,20398,2020-06-19,wart   wart
wart,20906,2020-09-17,plantar wart   
wart,20906,2021-01-05, plantar callosity  plantar wart
wart,725415,2017-03-07,wart   
wart,932943,2020-06-16,viral warts   viral warts
scabies,18522,2022-05-11, scabies  scabies
scabies,19243,2019-10-01,scabies   
scabies,19294,2020-05-19,scabies   healthy adult
scabies,19630,2023-01-10, skin infection scabies 
scabies,19675,2021-05-18, wound discharge sebaceous cyst scabies
scabies,19675,2021-06-11, personal administration  scabies
scabies,19977,2020-02-04,multiple complaints   scabies
scabies,20202,2020-02-19,scabies   
scabies,20320,2023-03-01, headache scabies 
scabies,20398,2019-09-09,scabies   
scabies,20515,2020-11-24, scabies  
scabies,21883,2019-10-24,skiin sores and scabies   
scabies,21883,2019-10-31,medications/scabies treatment   
scabies,23169,2022-07-18, scabies  
scabies,49882,2017-07-03,scabies   
scabies,54711,2020-07-13,scabies   
scabies,205559,2021-07-19, scabies  
scabies,236588,2018-09-13,scabies and boil   
scabies,240629,2020-04-09,hv for review l/ hand - in balgo - for r/o sutures   scabies
scabies,268652,2020-08-31,medication requested   scabies
scabies,268652,2023-03-14, uti - urinary tract infection scabies 
scabies,332387,2020-09-10,mental state   scabies
scabies,369725,2019-04-01,"red eye, scabies and head lice and nits   "
scabies,454424,2020-02-19,scabies   
scabies,525928,2017-07-06,iron meds and lice/scabies review.   
scabies,564832,2019-09-12,scabies   
scabies,564832,2019-10-17,scabies   
scabies,564832,2019-10-24,sores and scabies   
scabies,564832,2019-10-31,scabies   
scabies,564832,2020-10-19, medication given scabies 
scabies,637976,2017-11-07,scabies and blister on heel   
scabies,711928,2019-08-13,"for iron treatment, scabies and atsi child health check   "
scabies,711928,2021-05-10, scabies  
scabies,711928,2022-01-17, scabies  
scabies,751817,2019-10-24,recurrent sores and scabies   
scabies,932943,2019-10-01,18/12 eachs. ear r/v. rx scabies   
scabies,932943,2019-12-17,scabies   
scabies,972671,2022-09-01, scabies  
scabies,1157933,2019-08-27,?scabies   
scabies,1157933,2019-09-04,scabies infection   
scabies,1157933,2019-11-03,scabies infection   
scabies,1157933,2019-11-12,scabies infection   
scabies,1157933,2020-03-03,sore on skin   scabies
scabies,1187073,2020-03-05,sore on skin   scabies
scabies,1969011,2022-10-18, scabies  
